title,company,location,link,salary
Javascript 프론트 엔드 개발자,우리테크인터내셔날,성남 분당구,https://kr.indeed.com/%EC%B1%84%EC%9A%A9%EB%B3%B4%EA%B8%B0?jk=ec2be8d8e56e23a9,"월급 2,300,000원"
IT분야 경력사원,우리에프아이에스,서울 마포구,https://kr.indeed.com/%EC%B1%84%EC%9A%A9%EB%B3%B4%EA%B8%B0?jk=3e0c51989197632a,
"GoLang,JAVASCRIPT,C/Ctt",엔큐브스튜디오,제주 제주시,https://kr.indeed.com/%EC%B1%84%EC%9A%A9%EB%B3%B4%EA%B8%B0?jk=dfd5c3fddf1c43b3,
B2B 서비스채널 프론트엔드 개발자 (3년 이상),우아한 형제들,서울 송파구,https://kr.indeed.com/%EC%B1%84%EC%9A%A9%EB%B3%B4%EA%B8%B0?jk=48a4a11360296c5a,
[김&장 법률사무소] 시스템 개발 및 운영,Kim & Chang (김앤장 법률사무소),서울 종로구,https://kr.indeed.com/%EC%B1%84%EC%9A%A9%EB%B3%B4%EA%B8%B0?jk=caef5e072049c7e3,
[인재풀] Central Development Services,Electronic Arts,서울,https://kr.indeed.com/%EC%B1%84%EC%9A%A9%EB%B3%B4%EA%B8%B0?jk=d9a8d22b38653d34,
[경력] 전산팀 경력사원,반도건설,서울 강남구,https://kr.indeed.com/%EC%B1%84%EC%9A%A9%EB%B3%B4%EA%B8%B0?jk=7871e2dc58171479,
Javascript 개발자 / 웹 프론트 개발자 / 웹 퍼블리셔,인섹시큐리티,서울 금천구,https://kr.indeed.com/%EC%B1%84%EC%9A%A9%EB%B3%B4%EA%B8%B0?jk=b36275809bc2dbd7,"연봉 50,000,000원 - 60,000,000원"
[NAVERxLINE] Global Ad SDK Engineer,네이버,대한민국,https://kr.indeed.com/%EC%B1%84%EC%9A%A9%EB%B3%B4%EA%B8%B0?jk=e51b53a1e0924c05,
[개발]신사업 프론트 개발자(정규직),위메프,대한민국,https://kr.indeed.com/%EC%B1%84%EC%9A%A9%EB%B3%B4%EA%B8%B0?jk=57aa1b90d7626f69,
팟티서비스 웹개발(서버&프론트),아프리카TV,성남 분당구,https://kr.indeed.com/%EC%B1%84%EC%9A%A9%EB%B3%B4%EA%B8%B0?jk=27b10c6deb91477e,
주식회사 산타 웹 프론트엔드 / 웹 퍼블리셔 크루,산타,서울 강남구,https://kr.indeed.com/%EC%B1%84%EC%9A%A9%EB%B3%B4%EA%B8%B0?jk=d6f17cef5332f313,
"응용프로그래머,알고리즘,영상처리, 머신비전, AI 개발자",펨트론,서울 금천구,https://kr.indeed.com/%EC%B1%84%EC%9A%A9%EB%B3%B4%EA%B8%B0?jk=ac2affe448910409,
Web 개발(이커머스 파트)_PHP/CodeIgniter/Javascript,버드뷰,서울 마포구,https://kr.indeed.com/%EC%B1%84%EC%9A%A9%EB%B3%B4%EA%B8%B0?jk=3292e81e43884c67,
Global Ad SDK Engineer (FrontEnd Javascript),LINE Plus corporation,성남 서현역,https://kr.indeed.com/%EC%B1%84%EC%9A%A9%EB%B3%B4%EA%B8%B0?jk=20e6124900e8dd12,
프론트엔드 개발자,리디,서울특별시,https://kr.indeed.com/%EC%B1%84%EC%9A%A9%EB%B3%B4%EA%B8%B0?jk=c16bad2ca4d12fbe,
CGNTV 부문별 신입/경력사원,재단법인 온누리 선교재단,서울 용산구,https://kr.indeed.com/%EC%B1%84%EC%9A%A9%EB%B3%B4%EA%B8%B0?jk=af174e45633869d6,
[청주][경력] 웹개발자 (php 개발자 우대),플러그미디어웍스,청주 상당구,https://kr.indeed.com/%EC%B1%84%EC%9A%A9%EB%B3%B4%EA%B8%B0?jk=99f4ad491b9502f2,
Front-end Engineer (Javascript),Soomgo,서울 강남구,https://kr.indeed.com/%EC%B1%84%EC%9A%A9%EB%B3%B4%EA%B8%B0?jk=bade80833bbd0926,
블록체인 개발자 정규직,위고컴퍼니,서울 구로구,https://kr.indeed.com/%EC%B1%84%EC%9A%A9%EB%B3%B4%EA%B8%B0?jk=1dd931d63efc69d7,"연봉 40,000,000원 - 50,000,000원"
프론트 및 백앤드 웹프로그래머 경력직 (정규직),픽트리소프트,서울,https://kr.indeed.com/%EC%B1%84%EC%9A%A9%EB%B3%B4%EA%B8%B0?jk=4457062cdacf7f7d,
웹개발자,마인드서프,대한민국,https://kr.indeed.com/%EC%B1%84%EC%9A%A9%EB%B3%B4%EA%B8%B0?jk=0d23eae369421dfb,"연봉 34,000,000원 - 36,000,000원"
"드론 데이터 스타트업, 엔젤스윙 엔지니어",엔젤스윙,서울 관악구,https://kr.indeed.com/%EC%B1%84%EC%9A%A9%EB%B3%B4%EA%B8%B0?jk=d017610d9828199c,
"퍼블리셔(HTML5, CSS3), 외 경력 정규직",초연결 컨설팅,서울 구로구,https://kr.indeed.com/%EC%B1%84%EC%9A%A9%EB%B3%B4%EA%B8%B0?jk=db051af3e6e245be,"연봉 40,000,000원 - 50,000,000원"
Web Frontend Software Engineer,하이퍼커넥트,서울,https://kr.indeed.com/%EC%B1%84%EC%9A%A9%EB%B3%B4%EA%B8%B0?jk=e908a30874f3b821,
테크팀 / 백엔드&프론트엔드 개발자,와그트래블,서울 마포구,https://kr.indeed.com/%EC%B1%84%EC%9A%A9%EB%B3%B4%EA%B8%B0?jk=b279d082192008d9,
2020 Market Data Analyst - Seoul (Korean Speaker),Bloomberg,서울,https://kr.indeed.com/%EC%B1%84%EC%9A%A9%EB%B3%B4%EA%B8%B0?jk=212ca67d161b7162,
네이버 지도 프론트엔드 개발 경력사원,네이버,대한민국,https://kr.indeed.com/%EC%B1%84%EC%9A%A9%EB%B3%B4%EA%B8%B0?jk=201de59d2a80ffed,
"웹개발 경력사원 (PHP, JAVASCRIPT, MYSQL, HTML, CSS)",프라이머리넷,경기도 부천,https://kr.indeed.com/%EC%B1%84%EC%9A%A9%EB%B3%B4%EA%B8%B0?jk=755ae414c950de80,
모바일 앱개발자,리디,서울특별시,https://kr.indeed.com/%EC%B1%84%EC%9A%A9%EB%B3%B4%EA%B8%B0?jk=8caa5a08e4a1901e,
Integration Engineer,Paymentwall,서울,https://kr.indeed.com/%EC%B1%84%EC%9A%A9%EB%B3%B4%EA%B8%B0?jk=1cc91e551cb581d5,
[메가존] MSA 아키텍처 대규모 .,메가존,서울 강남구,https://kr.indeed.com/%EC%B1%84%EC%9A%A9%EB%B3%B4%EA%B8%B0?jk=3b11ccb293fe543e,
웹개발 (프론트엔드) 경력 정규직,에이비피,서울 송파구,https://kr.indeed.com/%EC%B1%84%EC%9A%A9%EB%B3%B4%EA%B8%B0?jk=8f285791401b3c22,"연봉 35,000,000원 - 40,000,000원"
네이버 여행 검색 서비스 개발자,네이버,대한민국,https://kr.indeed.com/%EC%B1%84%EC%9A%A9%EB%B3%B4%EA%B8%B0?jk=10481ef95f10d2e0,
"프로그래머 (WEB 프로그래밍, PHP, javascript, python)",씨더스,대전 중구,https://kr.indeed.com/%EC%B1%84%EC%9A%A9%EB%B3%B4%EA%B8%B0?jk=6e86e9573ba0a69c,
웹 개발자,엠플랜잇,서울 강남구,https://kr.indeed.com/%EC%B1%84%EC%9A%A9%EB%B3%B4%EA%B8%B0?jk=465861717f2633a0,"연봉 30,000,000원 - 32,000,000원"
200만 팔레토 개발사 프론트엔드 개발요원,앤드,서울 구로동,https://kr.indeed.com/%EC%B1%84%EC%9A%A9%EB%B3%B4%EA%B8%B0?jk=103ba7e9cbf251d5,
개발 총괄 PM,비플러스랩,대한민국,https://kr.indeed.com/%EC%B1%84%EC%9A%A9%EB%B3%B4%EA%B8%B0?jk=9c63fea8a3b83a00,
"웹퍼블리셔,자바스크립트,javascript",상록에스,서울 송파구,https://kr.indeed.com/%EC%B1%84%EC%9A%A9%EB%B3%B4%EA%B8%B0?jk=5ee4a88a2dbf3d9f,
이브이패스 데이터분석팀 직원,이브이패스,제주 제주시,https://kr.indeed.com/%EC%B1%84%EC%9A%A9%EB%B3%B4%EA%B8%B0?jk=a17c4dc1964c2add,"월급 1,800,000원 - 2,000,000원"
백엔드/프론트엔드 개발자,와그트래블,서울 마포구,https://kr.indeed.com/%EC%B1%84%EC%9A%A9%EB%B3%B4%EA%B8%B0?jk=1e692c4e0c6161b7,
Global Web Software Engineer (프론트엔드),LINE Plus corporation,성남 서현역,https://kr.indeed.com/%EC%B1%84%EC%9A%A9%EB%B3%B4%EA%B8%B0?jk=f343ea0b213f415d,
[Search&Clova] Clova AI NSML 개발자 신입/경력사원,네이버,대한민국,https://kr.indeed.com/%EC%B1%84%EC%9A%A9%EB%B3%B4%EA%B8%B0?jk=be12216f9bb224c1,
[정규직] SK하이닉스 경영정보시스템 개발/운영 (Web/Mobile/Cloud/RPA),SK 씨앤씨,서울,https://kr.indeed.com/%EC%B1%84%EC%9A%A9%EB%B3%B4%EA%B8%B0?jk=ecbf26a79fda108a,
IT,교보악사자산운용,대한민국,https://kr.indeed.com/%EC%B1%84%EC%9A%A9%EB%B3%B4%EA%B8%B0?jk=a52ed03553f8ae92,
데이터플랫폼실 - 웹어플리케이션 엔지니어,Nexon,성남 분당구,https://kr.indeed.com/%EC%B1%84%EC%9A%A9%EB%B3%B4%EA%B8%B0?jk=a8b43bb8926a27db,
[판교/정규직] (주)아비브 안드로이드 모바일 앱개발자 웹개발자 각각,커리어웍스,성남 분당구,https://kr.indeed.com/%EC%B1%84%EC%9A%A9%EB%B3%B4%EA%B8%B0?jk=31292e4688eaccde,"연봉 30,000,000원 - 40,000,000원"
[주식회사 탈트 프론트앤드 개발자 ],탈트,서울 강남구,https://kr.indeed.com/%EC%B1%84%EC%9A%A9%EB%B3%B4%EA%B8%B0?jk=38d0fc9e4c2d3018,
좋은 코드 짤 수 있는 프로그래머,미리디아이에이치,서울 구로구,https://kr.indeed.com/%EC%B1%84%EC%9A%A9%EB%B3%B4%EA%B8%B0?jk=b8df8637946f9a34,
소프트웨어 프로그램 개발,엠로,서울,https://kr.indeed.com/%EC%B1%84%EC%9A%A9%EB%B3%B4%EA%B8%B0?jk=70e3ba9ebfc2f668,
2분기 개발자,이스트게임즈,서울 서초구,https://kr.indeed.com/%EC%B1%84%EC%9A%A9%EB%B3%B4%EA%B8%B0?jk=9b03fb4dca96750c,
Back,Binance,서울,https://kr.indeed.com/%EC%B1%84%EC%9A%A9%EB%B3%B4%EA%B8%B0?jk=0871638ad6732fe0,
웹개발자,마인드서프,대한민국,https://kr.indeed.com/%EC%B1%84%EC%9A%A9%EB%B3%B4%EA%B8%B0?jk=0d23eae369421dfb,"연봉 34,000,000원 - 36,000,000원"
[개발]상담시스템 백엔드 개발자(정규직),위메프,대한민국,https://kr.indeed.com/%EC%B1%84%EC%9A%A9%EB%B3%B4%EA%B8%B0?jk=9b123ff73f89c0e5,
블록체인 개발자 정규직,위고컴퍼니,서울 구로구,https://kr.indeed.com/%EC%B1%84%EC%9A%A9%EB%B3%B4%EA%B8%B0?jk=1dd931d63efc69d7,"연봉 40,000,000원 - 50,000,000원"
CTO (최고 기술책임자),세컨신드롬,서울 강남구,https://kr.indeed.com/%EC%B1%84%EC%9A%A9%EB%B3%B4%EA%B8%B0?jk=0ce46c9e5e424c85,
Software Developer - Front-End / Back-End,AITRICS,서울,https://kr.indeed.com/%EC%B1%84%EC%9A%A9%EB%B3%B4%EA%B8%B0?jk=5123207a169f90eb,
위메프 서버개발자(정규직),위메프,대한민국,https://kr.indeed.com/%EC%B1%84%EC%9A%A9%EB%B3%B4%EA%B8%B0?jk=5b30f6a2b70215f5,
[] 웹 프로그래머 채용공고,드래곤플라이,서울 논현동,https://kr.indeed.com/%EC%B1%84%EC%9A%A9%EB%B3%B4%EA%B8%B0?jk=f09aff95da8b899e,
이브이패스 데이터분석팀 직원,이브이패스,제주 제주시,https://kr.indeed.com/%EC%B1%84%EC%9A%A9%EB%B3%B4%EA%B8%B0?jk=a17c4dc1964c2add,"월급 1,800,000원 - 2,000,000원"
"웹하드 PHP 웹개발자 신입 (PHP, Mysql)",쉬프트,부산 해운대구,https://kr.indeed.com/%EC%B1%84%EC%9A%A9%EB%B3%B4%EA%B8%B0?jk=08c47350dea25aa0,
"프로그래머 (WEB 프로그래밍, PHP, javascript, python)",씨더스,대전 중구,https://kr.indeed.com/%EC%B1%84%EC%9A%A9%EB%B3%B4%EA%B8%B0?jk=6e86e9573ba0a69c,
소프트웨어 개발사원,높은소나무,광주 서구,https://kr.indeed.com/%EC%B1%84%EC%9A%A9%EB%B3%B4%EA%B8%B0?jk=1e2245ffc80d1513,"연봉 24,000,000원 - 30,000,000원"
소프트웨어 프로그램 개발,엠로,서울,https://kr.indeed.com/%EC%B1%84%EC%9A%A9%EB%B3%B4%EA%B8%B0?jk=70e3ba9ebfc2f668,
"웹개발 경력사원 (PHP, JAVASCRIPT, MYSQL, HTML, CSS)",프라이머리넷,경기도 부천,https://kr.indeed.com/%EC%B1%84%EC%9A%A9%EB%B3%B4%EA%B8%B0?jk=755ae414c950de80,
프론트엔드 개발자,공팔리터,서울 강남구,https://kr.indeed.com/%EC%B1%84%EC%9A%A9%EB%B3%B4%EA%B8%B0?jk=394c8dd4c8ea34c5,
"(주)데이타뱅크시스템즈 신입, 경력직",데이타뱅크시스템즈,대구 남구,https://kr.indeed.com/%EC%B1%84%EC%9A%A9%EB%B3%B4%EA%B8%B0?jk=57bffe2e297646f8,
[Search&Clova] Clova AI NSML 개발자 신입/경력사원,네이버,대한민국,https://kr.indeed.com/%EC%B1%84%EC%9A%A9%EB%B3%B4%EA%B8%B0?jk=be12216f9bb224c1,
[SKY72골프클럽] 웹디자이너(육아휴직대체),스카이72,인천 중구,https://kr.indeed.com/%EC%B1%84%EC%9A%A9%EB%B3%B4%EA%B8%B0?jk=6f3780cfb7537910,"연봉 30,000,000원 - 32,000,000원"
[메가존] 개발 경력자 대규모,메가존,서울 강남구,https://kr.indeed.com/%EC%B1%84%EC%9A%A9%EB%B3%B4%EA%B8%B0?jk=e8455745434a01a0,
S/W 개발자,지아이데이타,서울,https://kr.indeed.com/%EC%B1%84%EC%9A%A9%EB%B3%B4%EA%B8%B0?jk=45c7213e387a7cc2,
"자바(java,spring) 웹개발 신입사원",리얼아이브이,서울 송파구,https://kr.indeed.com/%EC%B1%84%EC%9A%A9%EB%B3%B4%EA%B8%B0?jk=70beb8fa28880e99,
"퍼블리셔(HTML5, CSS3), 외 경력 정규직",초연결 컨설팅,서울 구로구,https://kr.indeed.com/%EC%B1%84%EC%9A%A9%EB%B3%B4%EA%B8%B0?jk=db051af3e6e245be,"연봉 40,000,000원 - 50,000,000원"
프론트엔드 개발자,우리사이,서울 성수동2가,https://kr.indeed.com/%EC%B1%84%EC%9A%A9%EB%B3%B4%EA%B8%B0?jk=7f9954e4382f47b0,
"전력O2O서비스 Frontend 개발자(웹, 신입/경력)",에이치에너지,서울 강남구,https://kr.indeed.com/%EC%B1%84%EC%9A%A9%EB%B3%B4%EA%B8%B0?jk=fcd1e35898d0a89c,
Analytics Specialist,MightyHive,서울,https://kr.indeed.com/%EC%B1%84%EC%9A%A9%EB%B3%B4%EA%B8%B0?jk=419692b3ddb34768,
테크니컬 커뮤니케이터,마움,서울 송파구,https://kr.indeed.com/%EC%B1%84%EC%9A%A9%EB%B3%B4%EA%B8%B0?jk=eb3d25a39537af28,"연봉 21,550,000원 - 25,000,000원"
인프라 서비스 플랫폼 개발자,카카오,성남 판교역,https://kr.indeed.com/%EC%B1%84%EC%9A%A9%EB%B3%B4%EA%B8%B0?jk=b4e96a7dcac2f50a,
[중견회사] PHP개발 (대리급),커리어라임즈,서울,https://kr.indeed.com/%EC%B1%84%EC%9A%A9%EB%B3%B4%EA%B8%B0?jk=4830b60e17e9e0e2,
[청주][경력] 웹개발자 (php 개발자 우대),플러그미디어웍스,청주 상당구,https://kr.indeed.com/%EC%B1%84%EC%9A%A9%EB%B3%B4%EA%B8%B0?jk=99f4ad491b9502f2,
2019 GLOBAL ENGINEERING DEVELOPMENT PROGRAM (GEDP) - SOFTWARE,GE Appliances,경기도 성남,https://kr.indeed.com/%EC%B1%84%EC%9A%A9%EB%B3%B4%EA%B8%B0?jk=0a602d70db52da19,
JAVA 웹 프로그램 개발자,비전브이아이텍,서울,https://kr.indeed.com/%EC%B1%84%EC%9A%A9%EB%B3%B4%EA%B8%B0?jk=b3870309535970dd,"연봉 21,550,000원 - 25,000,000원"
네이버 Apollo Frontend Engineer 개발자,네이버,대한민국,https://kr.indeed.com/%EC%B1%84%EC%9A%A9%EB%B3%B4%EA%B8%B0?jk=ec2c75f6361f78c5,
팟티서비스 웹개발(서버&프론트),아프리카TV,성남 분당구,https://kr.indeed.com/%EC%B1%84%EC%9A%A9%EB%B3%B4%EA%B8%B0?jk=27b10c6deb91477e,
골프 O2O 서비스 기업 PHP 개발자 (3년 이상),인파트너스,서울,https://kr.indeed.com/%EC%B1%84%EC%9A%A9%EB%B3%B4%EA%B8%B0?jk=69618c6766c96d6d,"연봉 40,000,000원 - 50,000,000원"
Web FrontEnd개발자 모집,알서포트,서울 몽촌토성역,https://kr.indeed.com/%EC%B1%84%EC%9A%A9%EB%B3%B4%EA%B8%B0?jk=325fdeb1c842ea48,
레드타이 웹퍼블리셔,레드타이버틀러,서울 순화동,https://kr.indeed.com/%EC%B1%84%EC%9A%A9%EB%B3%B4%EA%B8%B0?jk=411d3a2429bfd278,
웹퍼블리셔 모집,라인게임즈,서울 반포동,https://kr.indeed.com/%EC%B1%84%EC%9A%A9%EB%B3%B4%EA%B8%B0?jk=2bbc9f98adc8a2c7,
[Platform Engineering] Front-end Engineer,네이버,대한민국,https://kr.indeed.com/%EC%B1%84%EC%9A%A9%EB%B3%B4%EA%B8%B0?jk=6b6393e2dbe12f49,
"웹기획, 웹프로그래머, 웹앱개발, 웹디자인",뭉치,서울 마포구,https://kr.indeed.com/%EC%B1%84%EC%9A%A9%EB%B3%B4%EA%B8%B0?jk=1bdf7ac298a83408,
열정있는 개발자 분,블루프린트랩,서울 송파구,https://kr.indeed.com/%EC%B1%84%EC%9A%A9%EB%B3%B4%EA%B8%B0?jk=98e766bb45ad4f6f,
올리브 핀테크 함께 일하실 CTO,올리브핀테크,서울 서초구,https://kr.indeed.com/%EC%B1%84%EC%9A%A9%EB%B3%B4%EA%B8%B0?jk=89f3b0bb67aad471,
Web Developer - US Forces-Korea,Barbaricum,경기도 평택,https://kr.indeed.com/%EC%B1%84%EC%9A%A9%EB%B3%B4%EA%B8%B0?jk=7ecc174dc61f5ff4,
[수퍼빈] 로보틱스(R팀과 함께 가치 만들어가실 분 찾습니다.,수퍼빈,성남 분당구,https://kr.indeed.com/%EC%B1%84%EC%9A%A9%EB%B3%B4%EA%B8%B0?jk=9453e7bf8d6fe195,
웹/앱 개발자 및 퍼블리셔 경력자,재단법인 행복아이씨티,서울 성동구,https://kr.indeed.com/%EC%B1%84%EC%9A%A9%EB%B3%B4%EA%B8%B0?jk=f2b2c787f96ab93f,
SI 개발자 신입 및 경력 인재,이엔유,대전 유성구,https://kr.indeed.com/%EC%B1%84%EC%9A%A9%EB%B3%B4%EA%B8%B0?jk=c68d5ab410963d47,"연봉 26,000,000원 - 40,000,000원"
Global Ad SDK Engineer (FrontEnd Javascript),LINE Plus corporation,성남 서현역,https://kr.indeed.com/%EC%B1%84%EC%9A%A9%EB%B3%B4%EA%B8%B0?jk=20e6124900e8dd12,
[이지케어텍] 연구소 경력사원,이지케어텍,서울 중구,https://kr.indeed.com/%EC%B1%84%EC%9A%A9%EB%B3%B4%EA%B8%B0?jk=f67238da1fa2e3ac,
"Customer Success Manager, South Korea",Appier,서울,https://kr.indeed.com/%EC%B1%84%EC%9A%A9%EB%B3%B4%EA%B8%B0?jk=4b6e5a99be1243ec,
백엔드/프론트엔드 개발자,와그트래블,서울 마포구,https://kr.indeed.com/%EC%B1%84%EC%9A%A9%EB%B3%B4%EA%B8%B0?jk=1e692c4e0c6161b7,
메시지발송 플랫폼 개발자,Nexon,성남 분당구,https://kr.indeed.com/%EC%B1%84%EC%9A%A9%EB%B3%B4%EA%B8%B0?jk=eaee1538d8cc832f,
SI 개발자 신입 및 경력 인재,이엔유,대전 유성구,https://kr.indeed.com/%EC%B1%84%EC%9A%A9%EB%B3%B4%EA%B8%B0?jk=c68d5ab410963d47,"연봉 26,000,000원 - 40,000,000원"
2019년 시지온 공채,CIZION,서울 마포구,https://kr.indeed.com/%EC%B1%84%EC%9A%A9%EB%B3%B4%EA%B8%B0?jk=97256f40f8e27da3,
인공지능/빅데이터 스타트업 서버 개발자 경력 계약직,아스크스토리디에스,서울 서초구,https://kr.indeed.com/%EC%B1%84%EC%9A%A9%EB%B3%B4%EA%B8%B0?jk=cf8421bb60700bb3,
프론트엔드 개발자 (경력 3년 이상),시지온,서울 동교동,https://kr.indeed.com/%EC%B1%84%EC%9A%A9%EB%B3%B4%EA%B8%B0?jk=06aafbb5133999ba,
웹프론트엔드 개발자,Nexon,성남 분당구,https://kr.indeed.com/%EC%B1%84%EC%9A%A9%EB%B3%B4%EA%B8%B0?jk=f4a5057bd3043129,
프론트엔드 신입/경력 정규직,위팝,인천,https://kr.indeed.com/%EC%B1%84%EC%9A%A9%EB%B3%B4%EA%B8%B0?jk=b861ec35dfb4ffb1,
윈도우 응용소프트웨어 개발외 각 부문,씨케이다,서울 금천구,https://kr.indeed.com/%EC%B1%84%EC%9A%A9%EB%B3%B4%EA%B8%B0?jk=334956f26922ee72,
레드타이 웹퍼블리셔,레드타이버틀러,서울 순화동,https://kr.indeed.com/%EC%B1%84%EC%9A%A9%EB%B3%B4%EA%B8%B0?jk=411d3a2429bfd278,
카카오톡 보이스톡/페이스톡/라이브톡 개발자,카카오,성남 판교역,https://kr.indeed.com/%EC%B1%84%EC%9A%A9%EB%B3%B4%EA%B8%B0?jk=d585814d097935eb,
Developer / Designer recruit,마이뮤직테이스트,서울 논현동,https://kr.indeed.com/%EC%B1%84%EC%9A%A9%EB%B3%B4%EA%B8%B0?jk=55a19c92c845685e,
웹마스터 모십니다 #인터넷#기타,,서울 성북구,https://kr.indeed.com/%EC%B1%84%EC%9A%A9%EB%B3%B4%EA%B8%B0?jk=0441516c3323c3a7,
프론트엔드 파운트 개발자 (현재 급여 이상 보장),파운트,서울 충정로역,https://kr.indeed.com/%EC%B1%84%EC%9A%A9%EB%B3%B4%EA%B8%B0?jk=4a0ddfbfc4a11dd0,
sencha Ext js / JavaScript 개발자,에프원소프트,경기도 화성,https://kr.indeed.com/%EC%B1%84%EC%9A%A9%EB%B3%B4%EA%B8%B0?jk=8b9a6cbf9d9830e7,"연봉 24,000,000원 - 26,000,000원"
DX혁신부문 Tech Lab Junior Web & Server Developer 정규직,이투스교육,서울 강남구,https://kr.indeed.com/%EC%B1%84%EC%9A%A9%EB%B3%B4%EA%B8%B0?jk=b6d8ae980ccf34c8,
"(주)데이타뱅크시스템즈 신입, 경력직",데이타뱅크시스템즈,대구 남구,https://kr.indeed.com/%EC%B1%84%EC%9A%A9%EB%B3%B4%EA%B8%B0?jk=57bffe2e297646f8,
화상상담 서비스 FrontEnd 개발자 모집,알서포트,서울 몽촌토성역,https://kr.indeed.com/%EC%B1%84%EC%9A%A9%EB%B3%B4%EA%B8%B0?jk=a38b222a1d39a0c9,
디지털마케팅 (주)이인벤션 기업/브랜드 PHP웹개발자 부분,이인벤션,서울 구로구,https://kr.indeed.com/%EC%B1%84%EC%9A%A9%EB%B3%B4%EA%B8%B0?jk=6dbfc6c9e2a0ffc6,
[수시채용] 서든어택 웹 프로그래머,게임하이,성남 분당구,https://kr.indeed.com/%EC%B1%84%EC%9A%A9%EB%B3%B4%EA%B8%B0?jk=fccb2e3933e0e312,
웹퍼블리셔 모집,라인게임즈,서울 반포동,https://kr.indeed.com/%EC%B1%84%EC%9A%A9%EB%B3%B4%EA%B8%B0?jk=2bbc9f98adc8a2c7,
[온라인광고서비스/FE플랫폼팀] 프론트엔드 개발자 (경력),카카오,성남 판교역,https://kr.indeed.com/%EC%B1%84%EC%9A%A9%EB%B3%B4%EA%B8%B0?jk=1ed479c9e21c862c,
2019 GLOBAL ENGINEERING DEVELOPMENT PROGRAM (GEDP) - SOFTWARE,GE Appliances,경기도 성남,https://kr.indeed.com/%EC%B1%84%EC%9A%A9%EB%B3%B4%EA%B8%B0?jk=0a602d70db52da19,
IoT S/W 개발자 신입/경력 직원,리눅스아이티,광주 광산구,https://kr.indeed.com/%EC%B1%84%EC%9A%A9%EB%B3%B4%EA%B8%B0?jk=4c1a0fa51b3daa48,"연봉 26,000,000원 - 32,000,000원"
웹프로그래머 신입/경력 정규직,픽트리소프트,서울,https://kr.indeed.com/%EC%B1%84%EC%9A%A9%EB%B3%B4%EA%B8%B0?jk=cf5ca7128fcf3588,
"MVP 개발 엔지니어(서버, 웹프론트) (정규직, 계약직, 프리랜서)",더테스터,대전 중구,https://kr.indeed.com/%EC%B1%84%EC%9A%A9%EB%B3%B4%EA%B8%B0?jk=1748baa27965fdbf,
[중견회사] PHP개발 (대리급),커리어라임즈,서울,https://kr.indeed.com/%EC%B1%84%EC%9A%A9%EB%B3%B4%EA%B8%B0?jk=4830b60e17e9e0e2,
전산개발 직원,이크레모스,경기도 화성,https://kr.indeed.com/%EC%B1%84%EC%9A%A9%EB%B3%B4%EA%B8%B0?jk=7ca81dc0d43fa09d,
커머스 플랫폼 개발 (프론트엔드 엔지니어),LINE Plus corporation,성남 서현역,https://kr.indeed.com/%EC%B1%84%EC%9A%A9%EB%B3%B4%EA%B8%B0?jk=c19ee6821f101091,
AI서비스팀 웹프론트엔드 개발자,카카오,성남 판교역,https://kr.indeed.com/%EC%B1%84%EC%9A%A9%EB%B3%B4%EA%B8%B0?jk=2a294a38a48a32ee,
[개발]위메프오 서비스 프론트엔드 개발자(정규직),위메프,대한민국,https://kr.indeed.com/%EC%B1%84%EC%9A%A9%EB%B3%B4%EA%B8%B0?jk=738279b7d9f43c5f,
[메가존] 개발 경력자 대규모,메가존,서울 강남구,https://kr.indeed.com/%EC%B1%84%EC%9A%A9%EB%B3%B4%EA%B8%B0?jk=e8455745434a01a0,
Professional Services Consultant,Adobe,서울,https://kr.indeed.com/%EC%B1%84%EC%9A%A9%EB%B3%B4%EA%B8%B0?jk=993371efaf96f543,
ROK/US Interoperability Program Lead,Vectrus,대한민국,https://kr.indeed.com/%EC%B1%84%EC%9A%A9%EB%B3%B4%EA%B8%B0?jk=f498b6dc75f78972,
인공지능(AI) SW개발 담당 0명 자동화 산업장비 제조업 new,자동화 산업장비 제조업,대한민국,https://kr.indeed.com/%EC%B1%84%EC%9A%A9%EB%B3%B4%EA%B8%B0?jk=5164238b12d010da,
8퍼센트 경력 개발자,8퍼센트,서울 종로구,https://kr.indeed.com/%EC%B1%84%EC%9A%A9%EB%B3%B4%EA%B8%B0?jk=464ef95516a5fa5c,
열정있는 개발자 분,블루프린트랩,서울 송파구,https://kr.indeed.com/%EC%B1%84%EC%9A%A9%EB%B3%B4%EA%B8%B0?jk=98e766bb45ad4f6f,
Digital Business Analyst,BTS,서울,https://kr.indeed.com/%EC%B1%84%EC%9A%A9%EB%B3%B4%EA%B8%B0?jk=7013921cef331e90,
[KSTEC] RPA 시스템 개발 경력사원,지식시스템,성남 분당구,https://kr.indeed.com/%EC%B1%84%EC%9A%A9%EB%B3%B4%EA%B8%B0?jk=b51409eeb3546749,
[경력직] 프론트 개발자 및 디자이너,에이아이플랫폼,부산 남구,https://kr.indeed.com/%EC%B1%84%EC%9A%A9%EB%B3%B4%EA%B8%B0?jk=f4ee86ba910f7b81,"월급 2,400,000원 - 2,600,000원"
테크니컬 커뮤니케이터,마움,서울 송파구,https://kr.indeed.com/%EC%B1%84%EC%9A%A9%EB%B3%B4%EA%B8%B0?jk=eb3d25a39537af28,"연봉 21,550,000원 - 25,000,000원"
대형 프렌차이즈 프론트엔드 경력 정규직,토니서치,서울 강남구,https://kr.indeed.com/%EC%B1%84%EC%9A%A9%EB%B3%B4%EA%B8%B0?jk=d9193a510794d953,
분석 플랫폼 웹 프론트 엔지니어,Nexon,성남 분당구,https://kr.indeed.com/%EC%B1%84%EC%9A%A9%EB%B3%B4%EA%B8%B0?jk=eeb027369cdab361,
웹퍼블리셔,해커스,서울 강남구,https://kr.indeed.com/%EC%B1%84%EC%9A%A9%EB%B3%B4%EA%B8%B0?jk=a036a84ce74ce9bf,
IT 관련직원,이노플라이,서울 영등포구,https://kr.indeed.com/%EC%B1%84%EC%9A%A9%EB%B3%B4%EA%B8%B0?jk=f2bad4603d9397ca,"연봉 24,000,000원 - 26,000,000원"
[Search&Clova] 일본 1to1 플랫폼 Front-End 개발자 경력사원,네이버,대한민국,https://kr.indeed.com/%EC%B1%84%EC%9A%A9%EB%B3%B4%EA%B8%B0?jk=6ae2ee6d3e629b9a,
Developer for Web Application Development,SAP,서울,https://kr.indeed.com/%EC%B1%84%EC%9A%A9%EB%B3%B4%EA%B8%B0?jk=812410ccbba037d9,
"금융 데이터 분석 엔진, 로보어드바이저 개발자",에스비씨엔,서울 영등포구,https://kr.indeed.com/%EC%B1%84%EC%9A%A9%EB%B3%B4%EA%B8%B0?jk=649ccf047c868778,
"기업부설연구소 연구원 (인공지능(AI), 딥러닝), 소프트웨어 개발자 신입/경력 정규직",테크에이스 솔루션,서울 금천구,https://kr.indeed.com/%EC%B1%84%EC%9A%A9%EB%B3%B4%EA%B8%B0?jk=d2ca1a4025dbb1a7,
"핸즈 개발자(Nodejs, Vuejs, NativeScriptVue, C#, WPF)",핸즈,성남 수내동,https://kr.indeed.com/%EC%B1%84%EC%9A%A9%EB%B3%B4%EA%B8%B0?jk=8ed1efaf7b652197,
골프 O2O 서비스 기업 PHP 개발자 (3년 이상),인파트너스,서울,https://kr.indeed.com/%EC%B1%84%EC%9A%A9%EB%B3%B4%EA%B8%B0?jk=69618c6766c96d6d,"연봉 40,000,000원 - 50,000,000원"
데브옵스 솔루션 개발자,Nexon,성남 분당구,https://kr.indeed.com/%EC%B1%84%EC%9A%A9%EB%B3%B4%EA%B8%B0?jk=692486e7a2b0522e,
FE 개발 담당자,고도소프트,서울 구로구,https://kr.indeed.com/%EC%B1%84%EC%9A%A9%EB%B3%B4%EA%B8%B0?jk=4b6ce93048486fde,
NXLog팀 - 소프트웨어 엔지니어,Nexon,성남 분당구,https://kr.indeed.com/%EC%B1%84%EC%9A%A9%EB%B3%B4%EA%B8%B0?jk=c13abffb44505877,
솔루션 개발자,고도소프트,서울 구로구,https://kr.indeed.com/%EC%B1%84%EC%9A%A9%EB%B3%B4%EA%B8%B0?jk=53730e51c4a60930,
비즈개발실 서버 개발자 (경력),카카오,대한민국,https://kr.indeed.com/%EC%B1%84%EC%9A%A9%EB%B3%B4%EA%B8%B0?jk=736eb193e417cee2,
프론트엔드 개발자,우리사이,서울 성수동2가,https://kr.indeed.com/%EC%B1%84%EC%9A%A9%EB%B3%B4%EA%B8%B0?jk=7f9954e4382f47b0,
열정있는 개발자 분,블루프린트랩,서울 송파구,https://kr.indeed.com/%EC%B1%84%EC%9A%A9%EB%B3%B4%EA%B8%B0?jk=98e766bb45ad4f6f,
솔루션 개발자,NHN godo,서울 구로구,https://kr.indeed.com/%EC%B1%84%EC%9A%A9%EB%B3%B4%EA%B8%B0?jk=afe1eb9b17eef5f6,
2019년 시지온 공채,CIZION,서울 마포구,https://kr.indeed.com/%EC%B1%84%EC%9A%A9%EB%B3%B4%EA%B8%B0?jk=97256f40f8e27da3,
Professional Services Consultant,Adobe,서울,https://kr.indeed.com/%EC%B1%84%EC%9A%A9%EB%B3%B4%EA%B8%B0?jk=993371efaf96f543,
모바일 앱 보안 솔루션 개발부문,스틸리언,서울 용산구,https://kr.indeed.com/%EC%B1%84%EC%9A%A9%EB%B3%B4%EA%B8%B0?jk=6718bba08ef6e20b,
"MVP 개발 엔지니어(서버, 웹프론트) (정규직, 계약직, 프리랜서)",더테스터,대전 중구,https://kr.indeed.com/%EC%B1%84%EC%9A%A9%EB%B3%B4%EA%B8%B0?jk=1748baa27965fdbf,
네이버 지도 프론트엔드 개발 경력사원,네이버,대한민국,https://kr.indeed.com/%EC%B1%84%EC%9A%A9%EB%B3%B4%EA%B8%B0?jk=201de59d2a80ffed,
Web Developer - US Forces-Korea,Barbaricum,경기도 평택,https://kr.indeed.com/%EC%B1%84%EC%9A%A9%EB%B3%B4%EA%B8%B0?jk=7ecc174dc61f5ff4,
8퍼센트 경력 개발자,8퍼센트,서울 종로구,https://kr.indeed.com/%EC%B1%84%EC%9A%A9%EB%B3%B4%EA%B8%B0?jk=464ef95516a5fa5c,
Associate Cloud Support Specialist,OpenText,서울,https://kr.indeed.com/%EC%B1%84%EC%9A%A9%EB%B3%B4%EA%B8%B0?jk=1145b9d56c2baadf,
프론트 및 백앤드 웹프로그래머 경력직 (정규직),픽트리소프트,서울,https://kr.indeed.com/%EC%B1%84%EC%9A%A9%EB%B3%B4%EA%B8%B0?jk=4457062cdacf7f7d,
[] 웹프로그래머 채용공고,드래곤플라이,서울 논현동,https://kr.indeed.com/%EC%B1%84%EC%9A%A9%EB%B3%B4%EA%B8%B0?jk=354f2b5770312af9,
백엔드 경력직 개발자 (Node JS),포지크리엑티브,부산 연제구,https://kr.indeed.com/%EC%B1%84%EC%9A%A9%EB%B3%B4%EA%B8%B0?jk=12d5201c2e065350,
2019년도 제7회 국립기상과학원 공무직 등 근로자,기상청,대한민국,https://kr.indeed.com/%EC%B1%84%EC%9A%A9%EB%B3%B4%EA%B8%B0?jk=bc21494b283ef564,
Cloud Support Eng. II (DMS),Amazon Web Services Korea LLC,서울,https://kr.indeed.com/%EC%B1%84%EC%9A%A9%EB%B3%B4%EA%B8%B0?jk=7f38721257646550,
"전력O2O서비스 Frontend 개발자(웹, 신입/경력)",에이치에너지,서울 강남구,https://kr.indeed.com/%EC%B1%84%EC%9A%A9%EB%B3%B4%EA%B8%B0?jk=fcd1e35898d0a89c,
[개발]상담시스템 백엔드 개발자(정규직),위메프,대한민국,https://kr.indeed.com/%EC%B1%84%EC%9A%A9%EB%B3%B4%EA%B8%B0?jk=9b123ff73f89c0e5,
[개발]상담시스템 프론트엔드 개발자(정규직),위메프,대한민국,https://kr.indeed.com/%EC%B1%84%EC%9A%A9%EB%B3%B4%EA%B8%B0?jk=cb66744ec9897c32,
"(주)데이타뱅크시스템즈 신입, 경력직",데이타뱅크시스템즈,대구 남구,https://kr.indeed.com/%EC%B1%84%EC%9A%A9%EB%B3%B4%EA%B8%B0?jk=57bffe2e297646f8,
[해외취업] 엔지니어/게임 프로그래머 정사원/계약사원 중,"CREEK & RIVER Co., Ltd.",대한민국,https://kr.indeed.com/%EC%B1%84%EC%9A%A9%EB%B3%B4%EA%B8%B0?jk=633d7d2bea9e3044,
JAVA 웹 프로그램 개발자,비전브이아이텍,서울,https://kr.indeed.com/%EC%B1%84%EC%9A%A9%EB%B3%B4%EA%B8%B0?jk=b3870309535970dd,"연봉 21,550,000원 - 25,000,000원"
대형 프렌차이즈 프론트엔드 경력 정규직,토니서치,서울 강남구,https://kr.indeed.com/%EC%B1%84%EC%9A%A9%EB%B3%B4%EA%B8%B0?jk=d9193a510794d953,
[해외취업] 시니어 웹 엔지니어,株式会社アーカイブ,대한민국,https://kr.indeed.com/%EC%B1%84%EC%9A%A9%EB%B3%B4%EA%B8%B0?jk=58ead51da6452f90,
[중견회사] PHP개발 (대리급),커리어라임즈,서울,https://kr.indeed.com/%EC%B1%84%EC%9A%A9%EB%B3%B4%EA%B8%B0?jk=4830b60e17e9e0e2,
디지털마케팅 (주)이인벤션 기업/브랜드 PHP웹개발자 부분,이인벤션,서울 구로구,https://kr.indeed.com/%EC%B1%84%EC%9A%A9%EB%B3%B4%EA%B8%B0?jk=6dbfc6c9e2a0ffc6,
약사와건강 웹프로그래머 경력자.,약사와 건강,용인 기흥구,https://kr.indeed.com/%EC%B1%84%EC%9A%A9%EB%B3%B4%EA%B8%B0?jk=984b42c8835a1ab3,"연봉 30,000,000원"
웹프로그래머 직원,써브감정평가법인,서울 중구,https://kr.indeed.com/%EC%B1%84%EC%9A%A9%EB%B3%B4%EA%B8%B0?jk=16402dd450c1348a,
Linux 환경의 Web Front-End 개발,에스엠테크놀러지,경기도 하남,https://kr.indeed.com/%EC%B1%84%EC%9A%A9%EB%B3%B4%EA%B8%B0?jk=321b3cb082e06992,"연봉 40,000,000원 - 42,000,000원"
AppDynamics Sales Engineer - Seoul,Cisco Systems,서울,https://kr.indeed.com/%EC%B1%84%EC%9A%A9%EB%B3%B4%EA%B8%B0?jk=10e72a4ddbcb70f5,
프론트엔드 파운트 개발자 (현재 급여 이상 보장),파운트,서울 충정로역,https://kr.indeed.com/%EC%B1%84%EC%9A%A9%EB%B3%B4%EA%B8%B0?jk=4a0ddfbfc4a11dd0,
펀드회계부문 등 신입 및 경력직원,하나펀드서비스,서울 중구,https://kr.indeed.com/%EC%B1%84%EC%9A%A9%EB%B3%B4%EA%B8%B0?jk=96b566fe57fec895,
s/w개발,지아이데이타,서울,https://kr.indeed.com/%EC%B1%84%EC%9A%A9%EB%B3%B4%EA%B8%B0?jk=7a6effe7cbab138d,
Senior AEM Consultant,Adobe,서울,https://kr.indeed.com/%EC%B1%84%EC%9A%A9%EB%B3%B4%EA%B8%B0?jk=a058aa55ce3aa237,
RPA (로봇 프로세스 자동화) 개발 인공지능(AI) 연구개발 전문기업,인공지능(AI) 연구개발 전문기업,경기도,https://kr.indeed.com/%EC%B1%84%EC%9A%A9%EB%B3%B4%EA%B8%B0?jk=c287ebf78c7e54e7,
웹퍼블리셔,해커스,서울 강남구,https://kr.indeed.com/%EC%B1%84%EC%9A%A9%EB%B3%B4%EA%B8%B0?jk=a036a84ce74ce9bf,
[카카오 클라우드] 플랫폼 포털 개발자,카카오,성남 판교역,https://kr.indeed.com/%EC%B1%84%EC%9A%A9%EB%B3%B4%EA%B8%B0?jk=383d4c8a7156b52b,
글로벌 서비스 FE/서버 개발,LINE Plus corporation,서울 한남동,https://kr.indeed.com/%EC%B1%84%EC%9A%A9%EB%B3%B4%EA%B8%B0?jk=976c7ca76ae6addf,
[Platform Engineering] Front-end Engineer,네이버,대한민국,https://kr.indeed.com/%EC%B1%84%EC%9A%A9%EB%B3%B4%EA%B8%B0?jk=6b6393e2dbe12f49,
자바스크립트 개발,NHN,성남 판교역,https://kr.indeed.com/%EC%B1%84%EC%9A%A9%EB%B3%B4%EA%B8%B0?jk=2b397cef42f9ca46,
레드타이 웹퍼블리셔,레드타이버틀러,서울 순화동,https://kr.indeed.com/%EC%B1%84%EC%9A%A9%EB%B3%B4%EA%B8%B0?jk=411d3a2429bfd278,
삼성전자 C-lab 출신 기업 룰루랩 웹 플랫폼 개발자,룰루랩,서울 강남구,https://kr.indeed.com/%EC%B1%84%EC%9A%A9%EB%B3%B4%EA%B8%B0?jk=6f7012d86a9c4f76,
[메가존] 개발 경력자 대규모,메가존,서울 강남구,https://kr.indeed.com/%EC%B1%84%EC%9A%A9%EB%B3%B4%EA%B8%B0?jk=e8455745434a01a0,
스타트업 PHP 웹 개발자,마이셀럽,서울 구로구,https://kr.indeed.com/%EC%B1%84%EC%9A%A9%EB%B3%B4%EA%B8%B0?jk=57656844ed22d82b,
Java 웹서비스/플랫폼 개발자,NHN,성남 판교역,https://kr.indeed.com/%EC%B1%84%EC%9A%A9%EB%B3%B4%EA%B8%B0?jk=35a7b7d0a966d7cf,
IT 중소기업 Solution 개발 경력직(과차장급),커리어파크(Career Park),안양 동안구,https://kr.indeed.com/%EC%B1%84%EC%9A%A9%EB%B3%B4%EA%B8%B0?jk=9639b4f06bdb01a7,
"HTML·DHTML·mHTML, PHP 외 경력 정규직",이룸평생교육원,서울 동작구,https://kr.indeed.com/%EC%B1%84%EC%9A%A9%EB%B3%B4%EA%B8%B0?jk=342a2d55a82f2317,
서버 웹 애플리케이션 개발,픽셀로,경기도 의왕,https://kr.indeed.com/%EC%B1%84%EC%9A%A9%EB%B3%B4%EA%B8%B0?jk=314cb11dce58741e,
웹디자이너(퍼블리싱 가능) 경력직 공개,디자인커뮤니케이션,서울 강남구,https://kr.indeed.com/%EC%B1%84%EC%9A%A9%EB%B3%B4%EA%B8%B0?jk=a007d4965494a510,"연봉 25,000,000원 - 30,000,000원"
"전력O2O서비스 Frontend 개발자(웹, 신입/경력)",에이치에너지,서울 강남구,https://kr.indeed.com/%EC%B1%84%EC%9A%A9%EB%B3%B4%EA%B8%B0?jk=fcd1e35898d0a89c,
광교연구소 프론트엔드/백엔드/DevOps 경력직,코렌스,수원 영통구,https://kr.indeed.com/%EC%B1%84%EC%9A%A9%EB%B3%B4%EA%B8%B0?jk=d13ee077fb2ed17f,
Java 웹서비스/플랫폼 개발자,NHN,성남 판교역,https://kr.indeed.com/%EC%B1%84%EC%9A%A9%EB%B3%B4%EA%B8%B0?jk=35a7b7d0a966d7cf,
[베네통코리아] E-commerce 쇼핑몰 웹 개발자,베네통코리아,서울 서초구,https://kr.indeed.com/%EC%B1%84%EC%9A%A9%EB%B3%B4%EA%B8%B0?jk=eb1fff434b18f9ed,
네이버 일본 맛집 서비스 CONOMI React Native 개발자,네이버,대한민국,https://kr.indeed.com/%EC%B1%84%EC%9A%A9%EB%B3%B4%EA%B8%B0?jk=a2a58dc6daa27016,
2019년도 제7회 국립기상과학원 공무직 등 근로자,기상청,대한민국,https://kr.indeed.com/%EC%B1%84%EC%9A%A9%EB%B3%B4%EA%B8%B0?jk=bc21494b283ef564,
Front end 개발자,브릭,성남 분당구,https://kr.indeed.com/%EC%B1%84%EC%9A%A9%EB%B3%B4%EA%B8%B0?jk=cac18e6bcbee5a21,"연봉 28,000,000원"
웹 디자이너 / 서비스 엔지니어 ( PHP 및 웹서비스 개발자 ),에스비씨엔,서울 영등포구,https://kr.indeed.com/%EC%B1%84%EC%9A%A9%EB%B3%B4%EA%B8%B0?jk=109be79a3d9a412a,
[솔루션 개발] 웹 개발자(웹 엔지니어·웹 프로그래머) 정규직,엔트리즈,서울 영등포구,https://kr.indeed.com/%EC%B1%84%EC%9A%A9%EB%B3%B4%EA%B8%B0?jk=e09cdaf86d877c88,"연봉 26,000,000원 - 28,000,000원"
"Asp.Net, C#, VB.Net 개발자 의 건",콜라보아이티,서울 구로구,https://kr.indeed.com/%EC%B1%84%EC%9A%A9%EB%B3%B4%EA%B8%B0?jk=d404da136de7304f,
Solution Consultant - OMI- Korea - Regional Delivery Centers,AVEVA Software,서울,https://kr.indeed.com/%EC%B1%84%EC%9A%A9%EB%B3%B4%EA%B8%B0?jk=634d65bae89116ac,
솔루션 개발자,고도소프트,서울 구로구,https://kr.indeed.com/%EC%B1%84%EC%9A%A9%EB%B3%B4%EA%B8%B0?jk=53730e51c4a60930,
솔루션 Server 연구 개발,비아이매트릭스,서울 강남구,https://kr.indeed.com/%EC%B1%84%EC%9A%A9%EB%B3%B4%EA%B8%B0?jk=82580c0a3f7546d6,
Java개발/분석/설계 경력자,에이티이정보,서울 영등포구,https://kr.indeed.com/%EC%B1%84%EC%9A%A9%EB%B3%B4%EA%B8%B0?jk=c672f293d8baf311,"연봉 40,000,000원 - 42,000,000원"
도서플랫폼 FLYBOOK 서비스 Back-end(laravel) 개발담당,플라이북,서울 마포구,https://kr.indeed.com/%EC%B1%84%EC%9A%A9%EB%B3%B4%EA%B8%B0?jk=f06ce772d1da5223,"연봉 30,000,000원 - 40,000,000원"
Software Developer - Front-End / Back-End,AITRICS,서울,https://kr.indeed.com/%EC%B1%84%EC%9A%A9%EB%B3%B4%EA%B8%B0?jk=5123207a169f90eb,
Senior AEM Consultant,Adobe,서울,https://kr.indeed.com/%EC%B1%84%EC%9A%A9%EB%B3%B4%EA%B8%B0?jk=a058aa55ce3aa237,
중화권 대상 쇼핑 플랫폼 카요 BackEnd 개발 부문,카요,서울 종로구,https://kr.indeed.com/%EC%B1%84%EC%9A%A9%EB%B3%B4%EA%B8%B0?jk=5ba060c7315de8f3,
모바일 광고 플랫폼 개발자,NHN PAYCO,성남 판교역,https://kr.indeed.com/%EC%B1%84%EC%9A%A9%EB%B3%B4%EA%B8%B0?jk=d837738935003454,
Senior Full-stack Developer,Asiance,서울,https://kr.indeed.com/%EC%B1%84%EC%9A%A9%EB%B3%B4%EA%B8%B0?jk=978edf4ea4db4d6c,
웹 / 모바일 디자인 및 퍼블리싱 경력 디자이너,건설인이인정받는사회,서울 강서구,https://kr.indeed.com/%EC%B1%84%EC%9A%A9%EB%B3%B4%EA%B8%B0?jk=667560eda0ed6d2b,"연봉 28,000,000원 - 32,000,000원"
상반기 응용프로그래머 / 품질관리 / 게임 웹기획 / 네트워크 서버보안 관리 / cs 업무자 경력자 채,에스디소프트,서울 구로구,https://kr.indeed.com/%EC%B1%84%EC%9A%A9%EB%B3%B4%EA%B8%B0?jk=dd4bfce6f59e73af,
Senior Back-End Developer,Asiance,서울,https://kr.indeed.com/%EC%B1%84%EC%9A%A9%EB%B3%B4%EA%B8%B0?jk=cdb73ed97e74098a,
[개발팀] 물류 및 이커머스 솔루션 개발자,심플렉스,서울 동작구,https://kr.indeed.com/%EC%B1%84%EC%9A%A9%EB%B3%B4%EA%B8%B0?jk=fab350e235312416,
웹개발 / 웹프로그래머 / 웹엔지니어 / 모바일 프로그래머,연커뮤니케이션,부산 사상구,https://kr.indeed.com/%EC%B1%84%EC%9A%A9%EB%B3%B4%EA%B8%B0?jk=45d18319d4b2a00a,"연봉 36,000,000원 - 38,000,000원"
"서비스기획, SW개발 경력 정규직",애드,서울 강남구,https://kr.indeed.com/%EC%B1%84%EC%9A%A9%EB%B3%B4%EA%B8%B0?jk=7abfb5ca35209141,
[카카오 클라우드] 플랫폼 포털 개발자,카카오,성남 판교역,https://kr.indeed.com/%EC%B1%84%EC%9A%A9%EB%B3%B4%EA%B8%B0?jk=383d4c8a7156b52b,
[Search & Clova] 검색 엔진 S/W 엔지니어 경력사원,네이버,대한민국,https://kr.indeed.com/%EC%B1%84%EC%9A%A9%EB%B3%B4%EA%B8%B0?jk=770ef57197572958,
RPA (로봇 프로세스 자동화) 개발 인공지능(AI) 연구개발 전문기업,인공지능(AI) 연구개발 전문기업,경기도,https://kr.indeed.com/%EC%B1%84%EC%9A%A9%EB%B3%B4%EA%B8%B0?jk=c287ebf78c7e54e7,
링크샵스 웹 프론트(Frontend) 개발 및 유지보수 담당,링크샵스,서울 중구,https://kr.indeed.com/%EC%B1%84%EC%9A%A9%EB%B3%B4%EA%B8%B0?jk=decec2d630da2a63,
(서울시 강소기업) 기술지원팀 JAVA 응용프로그래머,사이버다임,서울 송파구,https://kr.indeed.com/%EC%B1%84%EC%9A%A9%EB%B3%B4%EA%B8%B0?jk=ba708da9d0f9dc86,"연봉 29,000,000원"
Associate Cloud Support Specialist,OpenText,서울,https://kr.indeed.com/%EC%B1%84%EC%9A%A9%EB%B3%B4%EA%B8%B0?jk=1145b9d56c2baadf,
프론트엔드 개발 경력직.,현대메디,서울 중구,https://kr.indeed.com/%EC%B1%84%EC%9A%A9%EB%B3%B4%EA%B8%B0?jk=64ecea5330cf10c7,"연봉 30,000,000원"
Cloud Platform FrontEnd 개발 (UIE),LINE Plus corporation,성남 서현역,https://kr.indeed.com/%EC%B1%84%EC%9A%A9%EB%B3%B4%EA%B8%B0?jk=48dad3996c523b2f,
"모바일, 웹 개발자",에프원소프트,경기도 화성,https://kr.indeed.com/%EC%B1%84%EC%9A%A9%EB%B3%B4%EA%B8%B0?jk=999ccfdef55df85b,"연봉 40,000,000원 - 42,000,000원"
회사와 함께 성장해 나갈 개발자분 환영,주식회사비알오,서울 서초구,https://kr.indeed.com/%EC%B1%84%EC%9A%A9%EB%B3%B4%EA%B8%B0?jk=ba48c151efe46466,
"개발자(nodejs, flutter)",코인트페이,서울 서초구,https://kr.indeed.com/%EC%B1%84%EC%9A%A9%EB%B3%B4%EA%B8%B0?jk=b41bcd5b07bb104a,
"[JAVA, JSP] 웹 개발 경력자 정규직",에이스파트너스서치펌,대전 유성구,https://kr.indeed.com/%EC%B1%84%EC%9A%A9%EB%B3%B4%EA%B8%B0?jk=d7e8f5e9a0d4abfc,
스마트공장 솔루션 구축 경력자 (MES/POP),크리샤,서울 종로구,https://kr.indeed.com/%EC%B1%84%EC%9A%A9%EB%B3%B4%EA%B8%B0?jk=fab6aef5b7c30fca,"연봉 38,000,000원 - 40,000,000원"
"웹하드 PHP 웹개발자 (PHP, Mysql)",쉬프트,부산 해운대구,https://kr.indeed.com/%EC%B1%84%EC%9A%A9%EB%B3%B4%EA%B8%B0?jk=ea763bed34b6d326,
"(주)시큐어비즈 JAVA, JSP,React,Spring, 전자정부 프레임워크 개발자",시큐어비즈,서울,https://kr.indeed.com/%EC%B1%84%EC%9A%A9%EB%B3%B4%EA%B8%B0?jk=94d0b0110bc6480a,
Senior Front-end Developer,Asiance,서울,https://kr.indeed.com/%EC%B1%84%EC%9A%A9%EB%B3%B4%EA%B8%B0?jk=77e0ff362e6ea4e1,
"[티스토리,브런치/FE플랫폼팀] 프론트엔드 개발자 (경력)",카카오,성남 판교역,https://kr.indeed.com/%EC%B1%84%EC%9A%A9%EB%B3%B4%EA%B8%B0?jk=bebeb6cf24f6b665,
Ericsson-LG Enterprise 경력 개발자 (추가 ),에릭슨엘지,서울 금천구,https://kr.indeed.com/%EC%B1%84%EC%9A%A9%EB%B3%B4%EA%B8%B0?jk=7aba45ffde3ad6ee,
E-커머스팀 웹 퍼블리싱 담당자,에이제이인터내셔날,서울 송파구,https://kr.indeed.com/%EC%B1%84%EC%9A%A9%EB%B3%B4%EA%B8%B0?jk=b6ce8c3829d159b5,"연봉 26,000,000원"
Principal Solutions Consultant - Regional Delivery Centers,AVEVA Software,서울,https://kr.indeed.com/%EC%B1%84%EC%9A%A9%EB%B3%B4%EA%B8%B0?jk=93bbcd5c67de3d9a,
모바일 소프트웨어 및 솔루션 개발자,엔비젼크리에이티브,고양 일산동구,https://kr.indeed.com/%EC%B1%84%EC%9A%A9%EB%B3%B4%EA%B8%B0?jk=fa127317df8ec3d5,
"자바(java,spring) 웹개발 경력직원",리얼아이브이,서울 송파구,https://kr.indeed.com/%EC%B1%84%EC%9A%A9%EB%B3%B4%EA%B8%B0?jk=aab7b24e2c682206,
링크샵스 웹 프론트(Frontend) 개발 및 유지보수 담당,링크샵스,서울 중구,https://kr.indeed.com/%EC%B1%84%EC%9A%A9%EB%B3%B4%EA%B8%B0?jk=decec2d630da2a63,
인공지능 소프트웨어 엔지니어,에이치알 코리아,서울,https://kr.indeed.com/%EC%B1%84%EC%9A%A9%EB%B3%B4%EA%B8%B0?jk=7b1bf7ccf8fdf4bb,
"[티스토리,브런치/FE플랫폼팀] 프론트엔드 개발자 (경력)",카카오,성남 판교역,https://kr.indeed.com/%EC%B1%84%EC%9A%A9%EB%B3%B4%EA%B8%B0?jk=bebeb6cf24f6b665,
스피너미디어(주)에서 함께 하실 분을 모십니다.,스피너미디어,서울 가락동,https://kr.indeed.com/%EC%B1%84%EC%9A%A9%EB%B3%B4%EA%B8%B0?jk=046df8eb867fa6b0,
(카카오메이커스) 프런트엔드 개발자 모집,카카오커머스,성남 삼평동,https://kr.indeed.com/%EC%B1%84%EC%9A%A9%EB%B3%B4%EA%B8%B0?jk=1c5af31fb8f455c1,
"모바일, 웹 개발자",에프원소프트,경기도 화성,https://kr.indeed.com/%EC%B1%84%EC%9A%A9%EB%B3%B4%EA%B8%B0?jk=999ccfdef55df85b,"연봉 40,000,000원 - 42,000,000원"
모바일 광고 플랫폼 개발자,NHN PAYCO,성남 판교역,https://kr.indeed.com/%EC%B1%84%EC%9A%A9%EB%B3%B4%EA%B8%B0?jk=d837738935003454,
"[해외취업] 중국, RAKUTEN, Senior QA Engineer_Membership",英博管理咨询(大连)有限公司,대한민국,https://kr.indeed.com/%EC%B1%84%EC%9A%A9%EB%B3%B4%EA%B8%B0?jk=2a022297d291f917,"연봉 35,600,000원 - 47,470,000원"
"웹하드 PHP 웹개발자 (PHP, Mysql)",쉬프트,부산 해운대구,https://kr.indeed.com/%EC%B1%84%EC%9A%A9%EB%B3%B4%EA%B8%B0?jk=ea763bed34b6d326,
IT 강소기업 JAVA 솔루션 개발자 (경력직) (성수동),휴먼브릿지앤코,서울,https://kr.indeed.com/%EC%B1%84%EC%9A%A9%EB%B3%B4%EA%B8%B0?jk=c34f716ce3a4d2d0,"연봉 50,000,000원 - 60,000,000원"
세상이 나 몰라준다 싶은 웹개발자 찾습니다,믹스앤픽스,서울 성동구,https://kr.indeed.com/%EC%B1%84%EC%9A%A9%EB%B3%B4%EA%B8%B0?jk=7a4c2c2f9f9a9f77,"연봉 30,000,000원"
Senior Data Architect,Amazon Web Services Korea LLC,서울,https://kr.indeed.com/%EC%B1%84%EC%9A%A9%EB%B3%B4%EA%B8%B0?jk=06c262a673804071,
"[해외취업] 중국, RAKUTEN, QA Test Automation Engineer",英博管理咨询(大连)有限公司,대한민국,https://kr.indeed.com/%EC%B1%84%EC%9A%A9%EB%B3%B4%EA%B8%B0?jk=96772d5f2c10c38f,"연봉 35,600,000원 - 47,470,000원"
[e-Commerce 기업]PHP 웹 에플리케이션 개발자,제이앤피에이치알컨설팅,서울 강남구,https://kr.indeed.com/%EC%B1%84%EC%9A%A9%EB%B3%B4%EA%B8%B0?jk=8b55475a828c8262,
[KSTEC] SW 프로그래머 경력사원,지식시스템,성남 분당구,https://kr.indeed.com/%EC%B1%84%EC%9A%A9%EB%B3%B4%EA%B8%B0?jk=e84ac9cab5a36e69,
[카카오 클라우드] 플랫폼 포털 개발자,카카오,성남 판교역,https://kr.indeed.com/%EC%B1%84%EC%9A%A9%EB%B3%B4%EA%B8%B0?jk=383d4c8a7156b52b,
"핸즈 개발자(Nodejs, Vuejs, NativeScriptVue, C#, WPF)",핸즈,성남 수내동,https://kr.indeed.com/%EC%B1%84%EC%9A%A9%EB%B3%B4%EA%B8%B0?jk=8ed1efaf7b652197,
Ericsson-LG Enterprise 경력 개발자 (추가 ),에릭슨엘지,서울 금천구,https://kr.indeed.com/%EC%B1%84%EC%9A%A9%EB%B3%B4%EA%B8%B0?jk=7aba45ffde3ad6ee,
TOAST Cloud 플랫폼 및 서비스 개발,NHN,성남 판교역,https://kr.indeed.com/%EC%B1%84%EC%9A%A9%EB%B3%B4%EA%B8%B0?jk=ea2cf2a5e929b0ee,
백엔드 경력직 개발자 (Node JS),포지크리엑티브,부산 연제구,https://kr.indeed.com/%EC%B1%84%EC%9A%A9%EB%B3%B4%EA%B8%B0?jk=12d5201c2e065350,
프론트엔드 개발 경력직.,현대메디,서울 중구,https://kr.indeed.com/%EC%B1%84%EC%9A%A9%EB%B3%B4%EA%B8%B0?jk=64ecea5330cf10c7,"연봉 30,000,000원"
웹 퍼블리셔/Front-End 개발자/Back-End 개발자 직원,리시드,서울 성동구,https://kr.indeed.com/%EC%B1%84%EC%9A%A9%EB%B3%B4%EA%B8%B0?jk=cd53e929fc0f6ce3,"연봉 25,000,000원"
게임 웹 UI 개발자(계약직),Nexon,성남 분당구,https://kr.indeed.com/%EC%B1%84%EC%9A%A9%EB%B3%B4%EA%B8%B0?jk=458871c4e87ba95a,
백엔드 개발자( 경력 2년이상) 분,시지온,서울 동교동,https://kr.indeed.com/%EC%B1%84%EC%9A%A9%EB%B3%B4%EA%B8%B0?jk=52f597a457b3e61f,
[경력] JAVA 개발자 (과장급) - ITS,삼정 KPMG,서울 강남구,https://kr.indeed.com/%EC%B1%84%EC%9A%A9%EB%B3%B4%EA%B8%B0?jk=da75422f5bc06c20,
모바일 앱 보안 솔루션 개발부문,스틸리언,서울 용산구,https://kr.indeed.com/%EC%B1%84%EC%9A%A9%EB%B3%B4%EA%B8%B0?jk=6718bba08ef6e20b,
Open Source Software Engineering Specialist,Success Korea,서울,https://kr.indeed.com/%EC%B1%84%EC%9A%A9%EB%B3%B4%EA%B8%B0?jk=cf842180823de0a7,
[에이티이정보]Java/JSP 개발 경력직,에이티이정보,서울 양평동5가,https://kr.indeed.com/%EC%B1%84%EC%9A%A9%EB%B3%B4%EA%B8%B0?jk=ebd1659cc6a1d9df,"연봉 35,000,000원"
[멜론] 커머스 개발자 (경력),카카오,성남 판교역,https://kr.indeed.com/%EC%B1%84%EC%9A%A9%EB%B3%B4%EA%B8%B0?jk=68bff5fe5cec0c61,
다음 홈 개발자 (경력),카카오,성남 판교역,https://kr.indeed.com/%EC%B1%84%EC%9A%A9%EB%B3%B4%EA%B8%B0?jk=68651e9e445b65fe,
(주)소프트기획과 미래 함께할 JSP / PHP 개발 가능한 (경력) 프로그래머,소프트기획,부산 수영구,https://kr.indeed.com/%EC%B1%84%EC%9A%A9%EB%B3%B4%EA%B8%B0?jk=810dd6a0da729bd9,
클라우드 SaaS 개발자 채용 국내 포털 대기업,국내 포털 대기업,경기도,https://kr.indeed.com/%EC%B1%84%EC%9A%A9%EB%B3%B4%EA%B8%B0?jk=f771548b0be1bac1,
IT 중소기업 Solution 개발 경력직(과차장급),커리어파크(Career Park),안양 동안구,https://kr.indeed.com/%EC%B1%84%EC%9A%A9%EB%B3%B4%EA%B8%B0?jk=9639b4f06bdb01a7,
"(주)데이타뱅크시스템즈 신입, 경력직",데이타뱅크시스템즈,대구 남구,https://kr.indeed.com/%EC%B1%84%EC%9A%A9%EB%B3%B4%EA%B8%B0?jk=57bffe2e297646f8,
qe 소프트웨어 엔지니어,에이치알 코리아,대한민국,https://kr.indeed.com/%EC%B1%84%EC%9A%A9%EB%B3%B4%EA%B8%B0?jk=85687b250386c4be,
Java UI 개발자 (Front-End) 정규직,블록체인씨앤에스,서울 성동구,https://kr.indeed.com/%EC%B1%84%EC%9A%A9%EB%B3%B4%EA%B8%B0?jk=423916efee295d43,
도전욕구가 충만충만한 개발자,엠카탈로그,서울 강남구,https://kr.indeed.com/%EC%B1%84%EC%9A%A9%EB%B3%B4%EA%B8%B0?jk=35dfa2a4640be329,
자바스크립트 개발,NHN,성남 판교역,https://kr.indeed.com/%EC%B1%84%EC%9A%A9%EB%B3%B4%EA%B8%B0?jk=2b397cef42f9ca46,
[경력직] 프론트 개발자 및 디자이너,에이아이플랫폼,부산 남구,https://kr.indeed.com/%EC%B1%84%EC%9A%A9%EB%B3%B4%EA%B8%B0?jk=f4ee86ba910f7b81,"월급 2,400,000원 - 2,600,000원"
PHP개발자,에이치알 코리아,대한민국,https://kr.indeed.com/%EC%B1%84%EC%9A%A9%EB%B3%B4%EA%B8%B0?jk=5daa73fba7482c2a,
[API플랫폼] 테크니컬 어카운트 매니저(Technical Account Manager) 경력직,카카오,성남 판교역,https://kr.indeed.com/%EC%B1%84%EC%9A%A9%EB%B3%B4%EA%B8%B0?jk=9db93dd0695793b6,
[JAVA 웹 개발자] 대리 및 과장급 경력사원,로데브,안양 동안구,https://kr.indeed.com/%EC%B1%84%EC%9A%A9%EB%B3%B4%EA%B8%B0?jk=f3376db7cb1cdea0,"연봉 40,000,000원 - 70,000,000원"
Linux 환경의 Web Front-End 개발,에스엠테크놀러지,경기도 하남,https://kr.indeed.com/%EC%B1%84%EC%9A%A9%EB%B3%B4%EA%B8%B0?jk=321b3cb082e06992,"연봉 40,000,000원 - 42,000,000원"
회사와 함께 성장해 나갈 개발자분 환영,주식회사비알오,서울 서초구,https://kr.indeed.com/%EC%B1%84%EC%9A%A9%EB%B3%B4%EA%B8%B0?jk=ba48c151efe46466,
"React, Angular, Spring Boot 개발자",이원정보기술,경기도 이천,https://kr.indeed.com/%EC%B1%84%EC%9A%A9%EB%B3%B4%EA%B8%B0?jk=700d45026d5a0d8e,
Software Architect PM급,Success Korea,대한민국,https://kr.indeed.com/%EC%B1%84%EC%9A%A9%EB%B3%B4%EA%B8%B0?jk=970a17500d7c46b5,
웹개발자 모집,원오토메이션,창원 의창구,https://kr.indeed.com/%EC%B1%84%EC%9A%A9%EB%B3%B4%EA%B8%B0?jk=e4a8d8095243c5bb,
Java 또는 JSP 개발자,스마트스텝,경상북도 구미,https://kr.indeed.com/%EC%B1%84%EC%9A%A9%EB%B3%B4%EA%B8%B0?jk=51826951fe6af94e,"연봉 40,000,000원 - 42,000,000원"
약사와건강 웹프로그래머 경력자.,약사와 건강,용인 기흥구,https://kr.indeed.com/%EC%B1%84%EC%9A%A9%EB%B3%B4%EA%B8%B0?jk=984b42c8835a1ab3,"연봉 30,000,000원"
웹개발 / 웹프로그래머 / 웹엔지니어 / 모바일 프로그래머,연커뮤니케이션,부산 사상구,https://kr.indeed.com/%EC%B1%84%EC%9A%A9%EB%B3%B4%EA%B8%B0?jk=45d18319d4b2a00a,"연봉 36,000,000원 - 38,000,000원"
IT 기획팀 PL,에이치알 코리아,서울,https://kr.indeed.com/%EC%B1%84%EC%9A%A9%EB%B3%B4%EA%B8%B0?jk=e6a6b5108ce3c7ca,
PHP / 퍼블리셔 / Python / Ruby 개발자 채용( 각 1명 ),에이치알 코리아,서울,https://kr.indeed.com/%EC%B1%84%EC%9A%A9%EB%B3%B4%EA%B8%B0?jk=b0e563cbee63c282,
Front end 개발,에이치알 코리아,서울,https://kr.indeed.com/%EC%B1%84%EC%9A%A9%EB%B3%B4%EA%B8%B0?jk=c5a8637fa205024c,
서버 웹 애플리케이션 개발,픽셀로,경기도 의왕,https://kr.indeed.com/%EC%B1%84%EC%9A%A9%EB%B3%B4%EA%B8%B0?jk=314cb11dce58741e,
업계 상위 연봉 개발직군(iOS/Android/Frontend/Backend) 및 기획직군(PM),에스브이,서울 강남구,https://kr.indeed.com/%EC%B1%84%EC%9A%A9%EB%B3%B4%EA%B8%B0?jk=8539d096f25381e1,
Java 웹서비스/플랫폼 개발자,NHN,성남 판교역,https://kr.indeed.com/%EC%B1%84%EC%9A%A9%EB%B3%B4%EA%B8%B0?jk=35a7b7d0a966d7cf,
"웹/모바일 기반 벡엔드/프론트엔드 개발_대리, 과장급_대기업",에이치알 코리아,대한민국,https://kr.indeed.com/%EC%B1%84%EC%9A%A9%EB%B3%B4%EA%B8%B0?jk=8c4e16d1785c009f,
"캔슬마켓 경력직 개발자 (PHP,WEB,Android/iOS)",캔슬마켓,부산 수영구,https://kr.indeed.com/%EC%B1%84%EC%9A%A9%EB%B3%B4%EA%B8%B0?jk=eeb14497803187ff,
웹개발 / 웹프로그래머 / 웹엔지니어 / 모바일 ...,연커뮤니케이션,부산 모라동,https://kr.indeed.com/%EC%B1%84%EC%9A%A9%EB%B3%B4%EA%B8%B0?jk=c6ee654712c37689,
Frontend Developer (Javascript/React),Bepro Company,서울,https://kr.indeed.com/%EC%B1%84%EC%9A%A9%EB%B3%B4%EA%B8%B0?jk=d11342cfe074df78,"연봉 30,000,000원 - 80,000,000원"
Software Engineer - JavaScript Voice & Video SDK,Sendbird,서울,https://kr.indeed.com/%EC%B1%84%EC%9A%A9%EB%B3%B4%EA%B8%B0?jk=2c517b5d5f0a2955,
개발자,코아비즈,대전 유성구,https://kr.indeed.com/%EC%B1%84%EC%9A%A9%EB%B3%B4%EA%B8%B0?jk=b500b29bc4ea6e4d,"연봉 25,000,000원 - 38,000,000원"
Korea IT Internship Programme Open During Lockdown,Tech Expozed International,서울,https://kr.indeed.com/%EC%B1%84%EC%9A%A9%EB%B3%B4%EA%B8%B0?jk=3fd532dea1ab5697,
Junior Full-Stack Developer,Asiance,서울,https://kr.indeed.com/%EC%B1%84%EC%9A%A9%EB%B3%B4%EA%B8%B0?jk=7268328c0d71d81c,
글로벌 메이저 소비재 기업 Server Technician (7~12년차) 포지션 ASAP,글로벌 메이저 소비재 기업,서울 강남구,https://kr.indeed.com/%EC%B1%84%EC%9A%A9%EB%B3%B4%EA%B8%B0?jk=3ecc0d5295f6a3ec,"연봉 60,000,000원 - 85,000,000원"
Back-end Engineer,Terra,서울,https://kr.indeed.com/%EC%B1%84%EC%9A%A9%EB%B3%B4%EA%B8%B0?jk=f915f667e4052f91,
퍼블리셔,Feelway,서울,https://kr.indeed.com/%EC%B1%84%EC%9A%A9%EB%B3%B4%EA%B8%B0?jk=5ce2a2f233b49d3c,
개발팀 웹 프론트엔드 엔지니어 채용 (신입/경력/병역특례),테이블매니저(주),서울 성동구,https://kr.indeed.com/%EC%B1%84%EC%9A%A9%EB%B3%B4%EA%B8%B0?jk=3fa51b20ca3eb0ba,"월급 2,000,000원 - 4,000,000원"
웹 개발자(신입),이롭게,서울특별시,https://kr.indeed.com/%EC%B1%84%EC%9A%A9%EB%B3%B4%EA%B8%B0?jk=add71a2887615954,
운영 개발자,Feelway,서울,https://kr.indeed.com/%EC%B1%84%EC%9A%A9%EB%B3%B4%EA%B8%B0?jk=1c21a244a72f1783,
Full stack developer,"Viana co.,Ltd.",서울,https://kr.indeed.com/%EC%B1%84%EC%9A%A9%EB%B3%B4%EA%B8%B0?jk=dbc4b0ae9f5784f0,"연봉 30,000,000원 - 60,000,000원"
"Director, Software Engineering (Coupang Eats)",Coupang,서울,https://kr.indeed.com/%EC%B1%84%EC%9A%A9%EB%B3%B4%EA%B8%B0?jk=a6a4b500fa0340d4,
Sales Engineer (APAC),Sendbird,서울,https://kr.indeed.com/%EC%B1%84%EC%9A%A9%EB%B3%B4%EA%B8%B0?jk=e38f22d6852a857a,
Web Graphic Designer,Évasion,서울,https://kr.indeed.com/%EC%B1%84%EC%9A%A9%EB%B3%B4%EA%B8%B0?jk=4455ee44595201f4,
프론트개발자(신입),이롭게,서울특별시,https://kr.indeed.com/%EC%B1%84%EC%9A%A9%EB%B3%B4%EA%B8%B0?jk=5a21676ee7591193,
프론트개발자(경력),이롭게,서울특별시,https://kr.indeed.com/%EC%B1%84%EC%9A%A9%EB%B3%B4%EA%B8%B0?jk=070a27ffadd76018,
Developer (Cloud Contact Center),Ericsson,서울,https://kr.indeed.com/%EC%B1%84%EC%9A%A9%EB%B3%B4%EA%B8%B0?jk=ccc373ef19c10bbf,
솔루션 구축 및 기술지원,㈜무하유는,대한민국,https://kr.indeed.com/%EC%B1%84%EC%9A%A9%EB%B3%B4%EA%B8%B0?jk=04db712bd46fc9b0,
Frontend/Backend 개발(Full Stack),Xinapse,서울 강남구,https://kr.indeed.com/%EC%B1%84%EC%9A%A9%EB%B3%B4%EA%B8%B0?jk=1eba3075433f76da,
Front-end Developer,"Miso, inc",서울,https://kr.indeed.com/%EC%B1%84%EC%9A%A9%EB%B3%B4%EA%B8%B0?jk=9f7d7cbe5e172a01,
Developer Advocate,Sendbird,서울,https://kr.indeed.com/%EC%B1%84%EC%9A%A9%EB%B3%B4%EA%B8%B0?jk=dc821489255954fd,
웹 개발자(경력),이롭게,서울특별시,https://kr.indeed.com/%EC%B1%84%EC%9A%A9%EB%B3%B4%EA%B8%B0?jk=0251e2321b09ce93,
웹퍼블리셔,가온스,서울 강서구,https://kr.indeed.com/%EC%B1%84%EC%9A%A9%EB%B3%B4%EA%B8%B0?jk=2496c2d944f4af2f,
Technical / UX Writer,Sendbird,서울,https://kr.indeed.com/%EC%B1%84%EC%9A%A9%EB%B3%B4%EA%B8%B0?jk=e5c63f4e86ceefda,
솔루션 개발자,㈜무하유는,대한민국,https://kr.indeed.com/%EC%B1%84%EC%9A%A9%EB%B3%B4%EA%B8%B0?jk=3b92f70bbe2c028c,
"Principal, Back-end Engineer",Coupang,서울,https://kr.indeed.com/%EC%B1%84%EC%9A%A9%EB%B3%B4%EA%B8%B0?jk=61da5f94237ab0d0,
Django + Python 웹개발,(주)딕스코리아,서울 가산디지털단지역,https://kr.indeed.com/%EC%B1%84%EC%9A%A9%EB%B3%B4%EA%B8%B0?jk=d7a5d7d67068b597,"연봉 40,000,000원 - 45,000,000원"
티켓링크 APP 개발자,NHN TicketLink,성남 판교역,https://kr.indeed.com/%EC%B1%84%EC%9A%A9%EB%B3%B4%EA%B8%B0?jk=5a1ba623c41179b7,
Full-Stack Engineer,Motion2AI,서울,https://kr.indeed.com/%EC%B1%84%EC%9A%A9%EB%B3%B4%EA%B8%B0?jk=36089807638eb8cb,
Java 개발자,Feelway,서울,https://kr.indeed.com/%EC%B1%84%EC%9A%A9%EB%B3%B4%EA%B8%B0?jk=1477fd9492503579,
Solutions Engineer Manager (APAC),Sendbird,서울,https://kr.indeed.com/%EC%B1%84%EC%9A%A9%EB%B3%B4%EA%B8%B0?jk=ecd6fb1a0fe8a06b,
PUBLISHER,원더랜드,서울 마포구,https://kr.indeed.com/%EC%B1%84%EC%9A%A9%EB%B3%B4%EA%B8%B0?jk=4c26baca888816e7,
"Software Engineering Manager, Mobile",Sendbird,서울,https://kr.indeed.com/%EC%B1%84%EC%9A%A9%EB%B3%B4%EA%B8%B0?jk=3a3a5a38df83d85f,
닷넷개발자,중견 교육기업,서울 구로디지털단지역,https://kr.indeed.com/%EC%B1%84%EC%9A%A9%EB%B3%B4%EA%B8%B0?jk=76f1eaaa02347897,
[글로벌 Vacuum Pump 제조사] S/W Test Engineer 경력직 채용,(주)씨앤에이코리아,천안 서북구,https://kr.indeed.com/%EC%B1%84%EC%9A%A9%EB%B3%B4%EA%B8%B0?jk=7bb1e2b604c071e6,"연봉 40,000,000원 - 60,000,000원"
Platform server 개발자,Success Korea,성남 분당구,https://kr.indeed.com/%EC%B1%84%EC%9A%A9%EB%B3%B4%EA%B8%B0?jk=3da2537c07ea7706,
자바개발,Success Korea,대한민국,https://kr.indeed.com/%EC%B1%84%EC%9A%A9%EB%B3%B4%EA%B8%B0?jk=fe26cae834d06055,
[SE] Asia Central Tech Team Software Engineer,Success Korea,대한민국,https://kr.indeed.com/%EC%B1%84%EC%9A%A9%EB%B3%B4%EA%B8%B0?jk=715e20b7a5d710b1,
Web Tagging Engineer,Success Korea,서울,https://kr.indeed.com/%EC%B1%84%EC%9A%A9%EB%B3%B4%EA%B8%B0?jk=33e82e5fe6db505b,
"개발 담당 대리, 과장, 차장급",에이치알 코리아,대한민국,https://kr.indeed.com/%EC%B1%84%EC%9A%A9%EB%B3%B4%EA%B8%B0?jk=0d08eb8f3c42988a,
정보System 운영 및 관리(정규직),Success Korea,경기도 수원,https://kr.indeed.com/%EC%B1%84%EC%9A%A9%EB%B3%B4%EA%B8%B0?jk=3021f2a2b118a9f7,
자바개발,Success Korea,대한민국,https://kr.indeed.com/%EC%B1%84%EC%9A%A9%EB%B3%B4%EA%B8%B0?jk=fe26cae834d06055,
Front-End Developer,Success Korea,서울,https://kr.indeed.com/%EC%B1%84%EC%9A%A9%EB%B3%B4%EA%B8%B0?jk=8dcbc0a3469284bf,
베트남 (담당) 개발자,Success Korea,서울 송파구,https://kr.indeed.com/%EC%B1%84%EC%9A%A9%EB%B3%B4%EA%B8%B0?jk=fc5658e8fbc6078b,
PUBLISHER,원더랜드,서울 마포구,https://kr.indeed.com/%EC%B1%84%EC%9A%A9%EB%B3%B4%EA%B8%B0?jk=4c26baca888816e7,
프론트엔드 개발자,해외송금 전문업체,서울 강남구,https://kr.indeed.com/%EC%B1%84%EC%9A%A9%EB%B3%B4%EA%B8%B0?jk=a4cc5705a67ce0a7,
Front-end 개발자,푸드테크서비스,서울,https://kr.indeed.com/%EC%B1%84%EC%9A%A9%EB%B3%B4%EA%B8%B0?jk=07990c44daa19b02,
Developer (Cloud Contact Center),Ericsson,서울,https://kr.indeed.com/%EC%B1%84%EC%9A%A9%EB%B3%B4%EA%B8%B0?jk=ccc373ef19c10bbf,
서버 개발자 채용,Success Korea,서울 강남구,https://kr.indeed.com/%EC%B1%84%EC%9A%A9%EB%B3%B4%EA%B8%B0?jk=3bd4c6d846e51733,
Web / Spring Framework Developer (EMS),Ericsson,서울,https://kr.indeed.com/%EC%B1%84%EC%9A%A9%EB%B3%B4%EA%B8%B0?jk=8923cbbfe7c16859,
JAVA개발(3명),Success Korea,대한민국,https://kr.indeed.com/%EC%B1%84%EC%9A%A9%EB%B3%B4%EA%B8%B0?jk=fac38573ff3a8037,
플랫폼 개발,Success Korea,서울,https://kr.indeed.com/%EC%B1%84%EC%9A%A9%EB%B3%B4%EA%B8%B0?jk=b9ab91310f88c7b2,
전산관리,Success Korea,경기도 화성,https://kr.indeed.com/%EC%B1%84%EC%9A%A9%EB%B3%B4%EA%B8%B0?jk=5b04b8d403d2759c,
웹개발 (Front-End),Success Korea,서울,https://kr.indeed.com/%EC%B1%84%EC%9A%A9%EB%B3%B4%EA%B8%B0?jk=dad4f30dae3baf19,
플랫폼 개발자,Success Korea,서울 잠실역,https://kr.indeed.com/%EC%B1%84%EC%9A%A9%EB%B3%B4%EA%B8%B0?jk=a6d70aea3a38db54,
JAVA 개발,Success Korea,대한민국,https://kr.indeed.com/%EC%B1%84%EC%9A%A9%EB%B3%B4%EA%B8%B0?jk=bb318f30e7cac8a9,
JAVA개발(대리),Success Korea,대한민국,https://kr.indeed.com/%EC%B1%84%EC%9A%A9%EB%B3%B4%EA%B8%B0?jk=9c2aa761a79dfbf8,
정보System 운영 및 관리,Success Korea,경기도 수원,https://kr.indeed.com/%EC%B1%84%EC%9A%A9%EB%B3%B4%EA%B8%B0?jk=7033f860ea3c00f3,
웹 응용 프로그램 개발(ASP.NET(C#)),Success Korea,서울 성수동,https://kr.indeed.com/%EC%B1%84%EC%9A%A9%EB%B3%B4%EA%B8%B0?jk=fdccc56bf11f9073,
외국계 Game 기업 - Server 개발 (신규온라인개발팀: 신입),Success Korea,서울,https://kr.indeed.com/%EC%B1%84%EC%9A%A9%EB%B3%B4%EA%B8%B0?jk=036312cb2afc29d3,
플랫폼 웹서버 개발자 모집,Success Korea,서울 강남구,https://kr.indeed.com/%EC%B1%84%EC%9A%A9%EB%B3%B4%EA%B8%B0?jk=a750217207b667b0,
Frontend 개발자,인도향 모바일서비스,서울,https://kr.indeed.com/%EC%B1%84%EC%9A%A9%EB%B3%B4%EA%B8%B0?jk=e07187a0e30569fd,
자바기반 웹개발자(주임~선임급),Success Korea,서울 양천구,https://kr.indeed.com/%EC%B1%84%EC%9A%A9%EB%B3%B4%EA%B8%B0?jk=5469608345aae630,
회원관리 시스템 IT 개발,Success Korea,서울,https://kr.indeed.com/%EC%B1%84%EC%9A%A9%EB%B3%B4%EA%B8%B0?jk=4cf4d7523e758a2d,
웹프로그래머,Success Korea,서울,https://kr.indeed.com/%EC%B1%84%EC%9A%A9%EB%B3%B4%EA%B8%B0?jk=39ba75f73befee49,
MIS개발,Success Korea,대한민국,https://kr.indeed.com/%EC%B1%84%EC%9A%A9%EB%B3%B4%EA%B8%B0?jk=ae3f481194bf6a6a,
웹 개발 담당,에이치알 코리아,대한민국,https://kr.indeed.com/%EC%B1%84%EC%9A%A9%EB%B3%B4%EA%B8%B0?jk=20e216fffb391249,
IT 팀장급,Success Korea,서울 양재역,https://kr.indeed.com/%EC%B1%84%EC%9A%A9%EB%B3%B4%EA%B8%B0?jk=25caabee285bceaa,
Full Stack engineer,Success Korea,서울 공덕동,https://kr.indeed.com/%EC%B1%84%EC%9A%A9%EB%B3%B4%EA%B8%B0?jk=f9ba0aceb3ab191b,
서버개발 엔지니어(사원~대리),Success Korea,서울 가산디지털단지역,https://kr.indeed.com/%EC%B1%84%EC%9A%A9%EB%B3%B4%EA%B8%B0?jk=a7b63456fe29200d,
티켓링크 APP 개발자,NHN TicketLink,성남 판교역,https://kr.indeed.com/%EC%B1%84%EC%9A%A9%EB%B3%B4%EA%B8%B0?jk=5a1ba623c41179b7,
Application 개발,Success Korea,경기도,https://kr.indeed.com/%EC%B1%84%EC%9A%A9%EB%B3%B4%EA%B8%B0?jk=29f0c5f3a79f4822,
티켓링크 Java 개발자,NHN TicketLink,성남 판교역,https://kr.indeed.com/%EC%B1%84%EC%9A%A9%EB%B3%B4%EA%B8%B0?jk=ce37d810e19f89d9,
Server개발 (니드포스피드엣지)_신입,Success Korea,서울 강남구,https://kr.indeed.com/%EC%B1%84%EC%9A%A9%EB%B3%B4%EA%B8%B0?jk=e8701f9078dbd6b9,
UI 개발자,Success Korea,서울 삼성동,https://kr.indeed.com/%EC%B1%84%EC%9A%A9%EB%B3%B4%EA%B8%B0?jk=5e4cbe42804dca5f,
Front-End 개발자 (거래소),Success Korea,서울 강남구,https://kr.indeed.com/%EC%B1%84%EC%9A%A9%EB%B3%B4%EA%B8%B0?jk=7b5a68e09e0eeb71,
닷넷개발자,중견 교육기업,서울 구로디지털단지역,https://kr.indeed.com/%EC%B1%84%EC%9A%A9%EB%B3%B4%EA%B8%B0?jk=76f1eaaa02347897,
Software Engineer(node.js),Success Korea,서울,https://kr.indeed.com/%EC%B1%84%EC%9A%A9%EB%B3%B4%EA%B8%B0?jk=dbc98b8abd652000,
Front-end 개발,Success Korea,서울 삼성동,https://kr.indeed.com/%EC%B1%84%EC%9A%A9%EB%B3%B4%EA%B8%B0?jk=de754f40eaf66d2d,
서버 개발(사원~과장급),Success Korea,서울 가산디지털단지역,https://kr.indeed.com/%EC%B1%84%EC%9A%A9%EB%B3%B4%EA%B8%B0?jk=4801b7535e8bc40d,
IT개발-배송 및 회수 개발 (.net(c#)),Success Korea,서울,https://kr.indeed.com/%EC%B1%84%EC%9A%A9%EB%B3%B4%EA%B8%B0?jk=9595a775716d9de0,
PHP개발자,입점형통합쇼핑몰솔루션,서울,https://kr.indeed.com/%EC%B1%84%EC%9A%A9%EB%B3%B4%EA%B8%B0?jk=8dd7aefac54afa79,
온라인 웹 프로그래머,Success Korea,서울 삼성역,https://kr.indeed.com/%EC%B1%84%EC%9A%A9%EB%B3%B4%EA%B8%B0?jk=1b86676d57185db8,
Client개발 (신규모바일개발)_Live Service,Success Korea,서울 강남구,https://kr.indeed.com/%EC%B1%84%EC%9A%A9%EB%B3%B4%EA%B8%B0?jk=e7cccc38e711ab20,
금융그룹 IT개발3팀 시스템 개발 및 유지보수,ICT 개발 운영 정보보호 및 보안,서울 구로구,https://kr.indeed.com/%EC%B1%84%EC%9A%A9%EB%B3%B4%EA%B8%B0?jk=2362e9522d36bb2a,
Server개발_신규모바일개발,Success Korea,서울 강남구,https://kr.indeed.com/%EC%B1%84%EC%9A%A9%EB%B3%B4%EA%B8%B0?jk=4e589c6ec361d421,
"IT개발-LMS, LCMS 개발 (.net(c#))",Success Korea,서울,https://kr.indeed.com/%EC%B1%84%EC%9A%A9%EB%B3%B4%EA%B8%B0?jk=e27f2233f33f8e5b,
금융그룹 IT개발팀 시스템 개발 및 유지보수,ICT 개발 운영 정보보호 및 보안,서울 구로구,https://kr.indeed.com/%EC%B1%84%EC%9A%A9%EB%B3%B4%EA%B8%B0?jk=ca415e36c231517b,
웹개발팀장,Success Korea,서울 잠실역,https://kr.indeed.com/%EC%B1%84%EC%9A%A9%EB%B3%B4%EA%B8%B0?jk=c4e7809eb035c7ee,
ERP SYSTEM 운영 및 Program 개발,Success Korea,경기도 이천,https://kr.indeed.com/%EC%B1%84%EC%9A%A9%EB%B3%B4%EA%B8%B0?jk=50eb80575fc89ac6,
SW 개발자,Success Korea,성남 분당구,https://kr.indeed.com/%EC%B1%84%EC%9A%A9%EB%B3%B4%EA%B8%B0?jk=f7d6a9ea36c1be5d,
UI 개발자,Success Korea,서울 삼성동,https://kr.indeed.com/%EC%B1%84%EC%9A%A9%EB%B3%B4%EA%B8%B0?jk=5e4cbe42804dca5f,
"Billing, CCBS 설계 / 개발(3명)",Success Korea,서울 강남구,https://kr.indeed.com/%EC%B1%84%EC%9A%A9%EB%B3%B4%EA%B8%B0?jk=9d8ab9a8d5a0e30c,
JAVA 개발,Success Korea,대한민국,https://kr.indeed.com/%EC%B1%84%EC%9A%A9%EB%B3%B4%EA%B8%B0?jk=bb318f30e7cac8a9,
자바기반 웹 개발자,Success Korea,서울 당산동,https://kr.indeed.com/%EC%B1%84%EC%9A%A9%EB%B3%B4%EA%B8%B0?jk=1eb14d05c1d6510b,
Server개발_신규모바일개발,Success Korea,서울 강남구,https://kr.indeed.com/%EC%B1%84%EC%9A%A9%EB%B3%B4%EA%B8%B0?jk=4e589c6ec361d421,
Client UI 및 서버개발,Success Korea,성남 분당구,https://kr.indeed.com/%EC%B1%84%EC%9A%A9%EB%B3%B4%EA%B8%B0?jk=4df2af244c5445fe,
Browser Porting SW엔지니어,STB등 디바이스 개발 및 공급,성남 분당구,https://kr.indeed.com/%EC%B1%84%EC%9A%A9%EB%B3%B4%EA%B8%B0?jk=2e21dfafa321c894,
서버 개발(사원~과장급),Success Korea,서울 가산디지털단지역,https://kr.indeed.com/%EC%B1%84%EC%9A%A9%EB%B3%B4%EA%B8%B0?jk=4801b7535e8bc40d,
서버 개발자 채용,Success Korea,서울 강남구,https://kr.indeed.com/%EC%B1%84%EC%9A%A9%EB%B3%B4%EA%B8%B0?jk=3bd4c6d846e51733,
JAVA개발(3명),Success Korea,대한민국,https://kr.indeed.com/%EC%B1%84%EC%9A%A9%EB%B3%B4%EA%B8%B0?jk=fac38573ff3a8037,
Full Stack Web 개발,Success Korea,성남 분당구,https://kr.indeed.com/%EC%B1%84%EC%9A%A9%EB%B3%B4%EA%B8%B0?jk=236ecddd986aaed2,
JAVA웹어플리케이션 개발,Success Korea,서울 가산동,https://kr.indeed.com/%EC%B1%84%EC%9A%A9%EB%B3%B4%EA%B8%B0?jk=6d7996cd08e6c7f4,
Server개발 (니드포스피드엣지)_경력,Success Korea,서울 강남구,https://kr.indeed.com/%EC%B1%84%EC%9A%A9%EB%B3%B4%EA%B8%B0?jk=309205500566c434,
Front-end 개발,Success Korea,서울 삼성동,https://kr.indeed.com/%EC%B1%84%EC%9A%A9%EB%B3%B4%EA%B8%B0?jk=de754f40eaf66d2d,
개발팀장,Success Korea,서울 강남구,https://kr.indeed.com/%EC%B1%84%EC%9A%A9%EB%B3%B4%EA%B8%B0?jk=be6551621169457c,
Front-End Developer,Success Korea,서울,https://kr.indeed.com/%EC%B1%84%EC%9A%A9%EB%B3%B4%EA%B8%B0?jk=8dcbc0a3469284bf,
CRM 디바이스 관리 및 개발,Success Korea,서울,https://kr.indeed.com/%EC%B1%84%EC%9A%A9%EB%B3%B4%EA%B8%B0?jk=dc169ec39425ad12,
Frontend 개발자(과장~차장급),TV홈쇼핑,성남 판교역,https://kr.indeed.com/%EC%B1%84%EC%9A%A9%EB%B3%B4%EA%B8%B0?jk=7e0e165129610899,
웹(닷넷)개발자,의료전문채용플랫폼 기업,서울,https://kr.indeed.com/%EC%B1%84%EC%9A%A9%EB%B3%B4%EA%B8%B0?jk=bddb422f1ac26361,
Front-End 개발자 (거래소),Success Korea,서울 강남구,https://kr.indeed.com/%EC%B1%84%EC%9A%A9%EB%B3%B4%EA%B8%B0?jk=7b5a68e09e0eeb71,
[신규사업실]시니어 Front-end 개발,Success Korea,서울,https://kr.indeed.com/%EC%B1%84%EC%9A%A9%EB%B3%B4%EA%B8%B0?jk=c419c4dca48bbf91,
모바일 선불결제 서비스 개발 (대리-차장),Success Korea,성남 판교역,https://kr.indeed.com/%EC%B1%84%EC%9A%A9%EB%B3%B4%EA%B8%B0?jk=27b97a5c7db701a3,
웹 응용 프로그램 개발(ASP.NET(C#)),Success Korea,서울 성수동,https://kr.indeed.com/%EC%B1%84%EC%9A%A9%EB%B3%B4%EA%B8%B0?jk=fdccc56bf11f9073,
금융그룹 IT개발팀 시스템 개발 및 유지보수,ICT 개발 운영 정보보호 및 보안,서울 구로구,https://kr.indeed.com/%EC%B1%84%EC%9A%A9%EB%B3%B4%EA%B8%B0?jk=ca415e36c231517b,
빗썸pro Front-End 개발(3명),Success Korea,서울 강남구,https://kr.indeed.com/%EC%B1%84%EC%9A%A9%EB%B3%B4%EA%B8%B0?jk=d04c2290df39254c,
JAVA개발(대리),Success Korea,대한민국,https://kr.indeed.com/%EC%B1%84%EC%9A%A9%EB%B3%B4%EA%B8%B0?jk=9c2aa761a79dfbf8,
SW개발(3명),Success Korea,서울 삼성동,https://kr.indeed.com/%EC%B1%84%EC%9A%A9%EB%B3%B4%EA%B8%B0?jk=989584aa51f96aa1,
온라인 웹 프로그래머,Success Korea,서울 삼성역,https://kr.indeed.com/%EC%B1%84%EC%9A%A9%EB%B3%B4%EA%B8%B0?jk=1b86676d57185db8,
모바일 선불결제 서비스 개발 (사원-대리),Success Korea,성남 판교역,https://kr.indeed.com/%EC%B1%84%EC%9A%A9%EB%B3%B4%EA%B8%B0?jk=d905f860d15217ee,
웹 개발 담당,에이치알 코리아,대한민국,https://kr.indeed.com/%EC%B1%84%EC%9A%A9%EB%B3%B4%EA%B8%B0?jk=20e216fffb391249,
PHP개발자,입점형통합쇼핑몰솔루션,서울,https://kr.indeed.com/%EC%B1%84%EC%9A%A9%EB%B3%B4%EA%B8%B0?jk=8dd7aefac54afa79,
Server Platform Engineer (Senior),Success Korea,서울 강남구,https://kr.indeed.com/%EC%B1%84%EC%9A%A9%EB%B3%B4%EA%B8%B0?jk=69c68396780d738a,
웹서버 관리 및 JAVA 개발,Success Korea,성남 야탑역,https://kr.indeed.com/%EC%B1%84%EC%9A%A9%EB%B3%B4%EA%B8%B0?jk=40ddb3bad95eeb9d,
웹(Web) 프로그래머 모집,Success Korea,서울 장지동,https://kr.indeed.com/%EC%B1%84%EC%9A%A9%EB%B3%B4%EA%B8%B0?jk=2b6b41de71091993,
"IT개발-LMS, LCMS 개발 (.net(c#))",Success Korea,서울,https://kr.indeed.com/%EC%B1%84%EC%9A%A9%EB%B3%B4%EA%B8%B0?jk=e27f2233f33f8e5b,
JAVA개발(PM),Success Korea,서울 강남구,https://kr.indeed.com/%EC%B1%84%EC%9A%A9%EB%B3%B4%EA%B8%B0?jk=e78ca8575f377420,
금융그룹 IT개발3팀 시스템 개발 및 유지보수,ICT 개발 운영 정보보호 및 보안,서울 구로구,https://kr.indeed.com/%EC%B1%84%EC%9A%A9%EB%B3%B4%EA%B8%B0?jk=e20bf48b417bff4d,
외국계 Game 기업 - Server 개발 (신규모바일개발팀),Success Korea,서울 강남구,https://kr.indeed.com/%EC%B1%84%EC%9A%A9%EB%B3%B4%EA%B8%B0?jk=f6c7a1bd8b88bd1c,
Front-End 개발자 (거래시스템연구소),Success Korea,서울 강남구,https://kr.indeed.com/%EC%B1%84%EC%9A%A9%EB%B3%B4%EA%B8%B0?jk=d0c019c1740d188d,
시스템 운영/개발(MES경력 有) ASAP,Success Korea,서울 남영동,https://kr.indeed.com/%EC%B1%84%EC%9A%A9%EB%B3%B4%EA%B8%B0?jk=62a78f02de123598,
웹&모바일 개발 경력자,산업자동화 PLC 및 자동감시제어 소프트웨어 개발사,대한민국,https://kr.indeed.com/%EC%B1%84%EC%9A%A9%EB%B3%B4%EA%B8%B0?jk=d5f7fd2177da5f2f,
IT개발-배송 및 회수 개발 (.net(c#)),Success Korea,서울,https://kr.indeed.com/%EC%B1%84%EC%9A%A9%EB%B3%B4%EA%B8%B0?jk=9595a775716d9de0,
JAVA개발자,Success Korea,서울 삼성동,https://kr.indeed.com/%EC%B1%84%EC%9A%A9%EB%B3%B4%EA%B8%B0?jk=6e4108cc64b7ece4,
모바일 결제 서비스 개발 (대리-과장),Success Korea,성남 판교역,https://kr.indeed.com/%EC%B1%84%EC%9A%A9%EB%B3%B4%EA%B8%B0?jk=1d8bc62cfb4d199e,
물류 시스템(WMS) 관리 및 개발,Success Korea,서울,https://kr.indeed.com/%EC%B1%84%EC%9A%A9%EB%B3%B4%EA%B8%B0?jk=f5f17c9748595c2e,
차량용 임베디드 SW개발자,Success Korea,성남 판교역,https://kr.indeed.com/%EC%B1%84%EC%9A%A9%EB%B3%B4%EA%B8%B0?jk=84ebf1e7ce4348b6,
모바일 안드로이드개발(과장 이상),Success Korea,서울 중구,https://kr.indeed.com/%EC%B1%84%EC%9A%A9%EB%B3%B4%EA%B8%B0?jk=3651ca7a5caeca4e,
Android 또는 iOS 어플리케이션 개발,Success Korea,성남 중원구,https://kr.indeed.com/%EC%B1%84%EC%9A%A9%EB%B3%B4%EA%B8%B0?jk=96dfa052e1e81ba9,
SW개발 매니저,Success Korea,서울 삼성동,https://kr.indeed.com/%EC%B1%84%EC%9A%A9%EB%B3%B4%EA%B8%B0?jk=a758b91ea2f0dd2b,
모바일 하이브리드(대리 ~ 과장),Success Korea,서울 중구,https://kr.indeed.com/%EC%B1%84%EC%9A%A9%EB%B3%B4%EA%B8%B0?jk=56bbb3f52089fcd8,
"개발 담당 대리, 과장, 차장급",에이치알 코리아,대한민국,https://kr.indeed.com/%EC%B1%84%EC%9A%A9%EB%B3%B4%EA%B8%B0?jk=0d08eb8f3c42988a,
웹 퍼블리셔(Web Publisher),Success Korea,서울,https://kr.indeed.com/%EC%B1%84%EC%9A%A9%EB%B3%B4%EA%B8%B0?jk=3ed6a7f65413e47b,
웹 개발 엔지니어(대리~과장),Success Korea,고양 일산동구,https://kr.indeed.com/%EC%B1%84%EC%9A%A9%EB%B3%B4%EA%B8%B0?jk=7665038eb2f02401,
Java기반 웹 개발자 (과장),Success Korea,서울,https://kr.indeed.com/%EC%B1%84%EC%9A%A9%EB%B3%B4%EA%B8%B0?jk=99582bd2bb5915b0,
모바일 iOS 개발(대리~과장),Success Korea,서울 중구,https://kr.indeed.com/%EC%B1%84%EC%9A%A9%EB%B3%B4%EA%B8%B0?jk=4a8433fade411616,
외국계기업의 웹 퍼블리셔(Web Publisher) : 대리급,Success Korea,서울 역삼동,https://kr.indeed.com/%EC%B1%84%EC%9A%A9%EB%B3%B4%EA%B8%B0?jk=6c08d1cb9e941471,
